case,t_h,R,T,N,nu
G1_b00,0.0,0.0,0.0,0.0,0.0
G1_b00,0.1,0.0,0.0,0.0,0.0
G1_b00,0.2,0.0,0.0,0.0,0.0
G1_b00,0.3,0.0,0.0,0.0,0.0
G1_b00,0.4,1.3281923695742837,-4.4371486475261035,-0.0013068423237881006,1.0
G1_b00,0.5,-0.13513980519918892,-4.629723137796096,-0.0016335675874333303,1.0
G1_b00,0.6,-1.584851621624095,-4.352132456271603,-0.001960298506897651,1.0
G1_b00,0.7,-2.873706499042234,-3.6324644070293326,-0.00228703227022858,1.0
G1_b00,0.8,-3.870730773381433,-2.54372515876507,-0.0026137648603321863,1.0
G1_b00,0.9,-4.474545613123642,-1.1964752024821745,-0.0029404915828116236,1.0
G1_b00,1.0,-4.623724751738296,0.2723836588424914,-0.003267207726923257,1.0
G1_b00,1.1,-4.303090272322946,1.7135464018806112,-0.0035939092734237764,1.0
G1_b00,1.2,-3.5452706454606306,2.9805345306921596,-0.003920593551995319,1.0
G1_b00,1.3,-2.427351876067325,3.9446308647022796,-0.004247259754175961,1.0
G1_b00,1.4,-1.0629844192660984,4.507968129813653,-0.004573909225170349,1.0
G1_b00,1.5,0.40921287047794597,4.613436348986508,-0.0049005454858914175,1.0
G1_b00,1.6,0.0,0.0,0.0,0.0
G1_b00,1.7,0.0,0.0,0.0,0.0
G1_b00,1.8,0.0,0.0,0.0,0.0
G1_b00,1.9,0.0,0.0,0.0,0.0
G1_b00,2.0,0.0,0.0,0.0,0.0
G1_b00,2.1,0.0,0.0,0.0,0.0
G1_b00,2.2,0.0,0.0,0.0,0.0
G1_b00,2.3,0.0,0.0,0.0,0.0
G1_b00,2.4,0.7974798496760671,-4.562242098086637,-0.007840654372719724,1.0
G1_b00,2.5,-0.6782932356674446,-4.5815015687237866,-0.008167422878295475,1.0
G1_b00,2.6,-2.0852900322514762,-4.135456309540709,-0.00849419266411806,1.0
G1_b00,2.7,-3.2805844044224197,-3.269303506361916,-0.008820953056938094,1.0
G1_b00,2.8,-4.142683063154241,-2.0709479943008136,-0.009147693455376556,1.0
G1_b00,2.9,-4.5839091729350505,-0.6621157473233946,-0.009474404554318312,1.0
G1_b00,3.0,-4.55937173827832,0.8140113729955435,-0.009801079499000885,1.0
G1_b00,3.1,-4.071570408478201,2.2073869905438244,-0.010127714825446527,1.0
G1_b00,3.2,-3.1701385847222117,3.376407351129385,-0.010454311061551706,1.0
G1_b00,3.3,-1.9467527493759675,4.202338273025912,-0.010780872901209574,1.0
G1_b00,3.4,-0.5257568119132747,4.601371013516328,-0.011107408914918383,1.0
G1_b00,3.5,0.9485075068625685,4.5330892900924855,-0.011433930813548782,1.0
G1_b00,3.6,0.0,0.0,0.0,0.0
G1_b00,3.7,0.0,0.0,0.0,0.0
G1_b00,3.8,0.0,0.0,0.0,0.0
G1_b00,3.9,0.0,0.0,0.0,0.0
G1_b00,4.0,0.0,0.0,0.0,0.0
G1_b00,4.1,0.0,0.0,0.0,0.0
G1_b00,4.2,0.0,0.0,0.0,0.0
G1_b00,4.3,0.0,0.0,0.0,0.0
G1_b00,4.4,0.2557623623457692,-4.624079145124805,-0.014373814905475955,1.0
G1_b00,4.5,-1.2119946593974098,-4.469764322231018,-0.014700626471166664,1.0
G1_b00,4.6,-2.5567696289742146,-3.86145392253206,-0.015027429156754413,1.0
G1_b00,4.7,-3.6419282221498204,-2.860833674123093,-0.015354205131415527,1.0
G1_b00,4.8,-4.357147196273872,-1.5694924577754004,-0.015680938439843747,1.0
G1_b00,4.9,-4.629674967224834,-0.11863237517370723,-0.016007616799447438,1.0
G1_b00,5.0,-4.431782791880269,1.3442776605932687,-0.01633423307890187,1.0
G1_b00,5.1,-3.7836107049713803,2.670540120264649,-0.01666078627489752,1.0
G1_b00,5.2,-2.7510997356881552,3.725395203552797,-0.016987281855890275,1.0
G1_b00,5.3,-1.4392347852787646,4.401736309247846,-0.017313731415785426,1.0
G1_b00,5.4,0.01867785611397236,4.63096713801055,-0.01764015166088721,1.0
G1_b00,5.5,1.4745751811465921,4.389915693105194,-0.01796656282497747,1.0
G1_b00,5.6,0.0,0.0,0.0,0.0
G1_b00,5.7,0.0,0.0,0.0,0.0
G1_b00,5.8,0.0,0.0,0.0,0.0
G1_b00,5.9,0.0,0.0,0.0,0.0
G1_b00,6.0,0.0,0.0,0.0,0.0
G1_b00,6.1,0.0,0.0,0.0,0.0
G1_b00,6.2,0.0,0.0,0.0,0.0
G1_b00,6.3,1.179237414817949,-4.478177250207169,-0.020579492413327884,1.0
G1_b00,6.4,-0.2894472819919214,-4.621805650958555,-0.020906342624525745,1.0
G1_b00,6.5,-1.7288416503106423,-4.296063484799147,-0.02123319385481471,1.0
G1_b00,6.6,-2.992749540838372,-3.5339287087440323,-0.021560020540244446,1.0
G1_b00,6.7,-3.952724614246362,-2.412726025025286,-0.021886798698484203,1.0
G1_b00,6.8,-4.511149846575143,-1.046322126525668,-0.022213508495272972,1.0
G1_b00,6.9,-4.611214649447421,0.4264280446208468,-0.022540136464111255,1.0
G1_b00,7.0,-4.242739103348125,1.8558223996020735,-0.02286667712210188,1.0
G1_b00,7.1,-3.4432189860672704,3.0965829459649465,-0.02319313377977543,1.0
G1_b00,7.2,-2.2939780672153716,4.022665520551411,-0.023519518432749315,1.0
G1_b00,7.3,-0.911843858100972,4.540071640878829,-0.023845850731319347,1.0
G1_b00,7.4,0.5627679727444309,4.596359077574689,-0.024172156127557822,1.0
G1_b00,7.5,0.0,0.0,0.0,0.0
G1_b00,7.6,0.0,0.0,0.0,0.0
G1_b00,7.7,0.0,0.0,0.0,0.0
G1_b00,7.8,0.0,0.0,0.0,0.0
G1_b00,7.9,0.0,0.0,0.0,0.0
G1_b00,8.0,0.0,0.0,0.0,0.0
G0_consistent,0.0,0.0,0.0,0.0,0.0
G0_consistent,0.1,0.0,0.0,0.0,0.0
G0_consistent,0.2,0.0,0.0,0.0,0.0
G0_consistent,0.3,0.0,0.0,0.0,0.0
G0_consistent,0.4,0.7233689718153926,-4.238885679222666,-1.7207871687179659,1.0
G0_consistent,0.5,-0.6339395849251772,-4.25330162989686,-1.7205414530062761,1.0
G0_consistent,0.6,-1.9305728841685261,-3.8427276705743267,-1.7202408788349917,1.0
G0_consistent,0.7,-3.0368277932706964,-3.0450815580614967,-1.7199377437760255,1.0
G0_consistent,0.8,-3.8397036818821397,-1.9371246964651425,-1.719685318415933,1.0
G0_consistent,0.9,-4.254589513652345,-0.628330340776887,-1.719516434554555,1.0
G0_consistent,1.0,-4.235032783608818,0.7490003206203825,-1.7194293860428278,1.0
G0_consistent,1.1,-3.779165815967156,2.0528829715931036,-1.719387397112324,1.0
G0_consistent,1.2,-2.931459581143571,3.1468778651876996,-1.7193327975762012,1.0
G0_consistent,1.3,-1.778972414957273,3.915557225398991,-1.7192106852013849,1.0
G0_consistent,1.4,-0.4421321585478445,4.277987293566114,-1.7189921859848853,1.0
G0_consistent,1.5,0.9388715561512802,4.197116656546989,-1.7186870836017463,1.0
G0_consistent,1.6,0.0,0.0,0.0,0.0
G0_consistent,1.7,0.0,0.0,0.0,0.0
G0_consistent,1.8,0.0,0.0,0.0,0.0
G0_consistent,1.9,0.0,0.0,0.0,0.0
G0_consistent,2.0,0.0,0.0,0.0,0.0
G0_consistent,2.1,0.0,0.0,0.0,0.0
G0_consistent,2.2,0.0,0.0,0.0,0.0
G0_consistent,2.3,1.5510339371804198,-4.007601448751795,-1.715777796194057,0.9990772795349064
G0_consistent,2.4,0.22584928316667557,-4.2954098273797605,-1.7171680679095338,1.0
G0_consistent,2.5,-1.1251304559533502,-4.151717563547891,-1.7168958885897032,1.0
G0_consistent,2.6,-2.366555588654766,-3.5921185964881905,-1.7165868087524954,1.0
G0_consistent,2.7,-3.3734036087253036,-2.6692986170567163,-1.7162961210174896,1.0
G0_consistent,2.8,-4.041796115718593,-1.4729868279699572,-1.716071782255285,1.0
G0_consistent,2.9,-4.300142235952515,-0.12242285349095258,-1.7159347828093336,1.0
G0_consistent,3.0,-4.117849914451161,1.2448212032356665,-1.715869586407468,1.0
G0_consistent,3.1,-3.510172968937446,2.4869314837353076,-1.7158292828864499,1.0
G0_consistent,3.2,-2.537997389314821,3.473416595363467,-1.715754228644127,1.0
G0_consistent,3.3,-1.302018463699298,4.100114031471707,-1.7155968514471103,1.0
G0_consistent,3.4,0.0682739986385551,4.3013908031932075,-1.7153420053629294,1.0
G0_consistent,3.5,1.4293643777734903,4.057614016376913,-1.7150138336092093,1.0
G0_consistent,3.6,0.0,0.0,0.0,0.0
G0_consistent,3.7,0.0,0.0,0.0,0.0
G0_consistent,3.8,0.0,0.0,0.0,0.0
G0_consistent,3.9,0.0,0.0,0.0,0.0
G0_consistent,4.0,0.0,0.0,0.0,0.0
G0_consistent,4.1,0.0,0.0,0.0,0.0
G0_consistent,4.2,0.0,0.0,0.0,0.0
G0_consistent,4.3,1.076273519241234,-4.165617380380325,-1.7137479409261194,1.0
G0_consistent,4.4,-0.2752720868620518,-4.293707451404654,-1.7135206009622646,1.0
G0_consistent,4.5,-1.601689096145204,-3.9934288115573224,-1.7132277942628384,1.0
G0_consistent,4.6,-2.77084724548373,-3.2918825533324307,-1.712918114745549,1.0
G0_consistent,4.7,-3.6640736784724117,-2.2560267813138606,-1.7126467523264244,1.0
G0_consistent,4.8,-4.188137791009788,-0.9875468363184803,-1.7124535393791325,1.0
G0_consistent,4.9,-4.285669516542135,0.3860639806704494,-1.7123462429340857,1.0
G0_consistent,5.0,-3.942614907071165,1.723879664086383,-1.7122962163116808,1.0
G0_consistent,5.1,-3.191336505296104,2.886382980030382,-1.7122490715597494,1.0
G0_consistent,5.2,-2.1083531048447037,3.751087597594501,-1.7121467423071768,1.0
G0_consistent,5.3,-0.8064997778685741,4.226773177570434,-1.7119519085016315,1.0
G0_consistent,5.4,0.5776872873762008,4.264137905249573,-1.711664143927071,1.0
G0_consistent,5.5,0.0,0.0,0.0,0.0
G0_consistent,5.6,0.0,0.0,0.0,0.0
G0_consistent,5.7,0.0,0.0,0.0,0.0
G0_consistent,5.8,0.0,0.0,0.0,0.0
G0_consistent,5.9,0.0,0.0,0.0,0.0
G0_consistent,6.0,0.0,0.0,0.0,0.0
G0_consistent,6.1,0.0,0.0,0.0,0.0
G0_consistent,6.2,0.0,0.0,0.0,0.0
G0_consistent,6.3,0.5850992358518502,-4.263617756479042,-1.7101035708193362,1.0
G0_consistent,6.4,-0.7732594119080232,-4.233663992686726,-1.7098465668099538,1.0
G0_consistent,6.5,-2.05710959532877,-3.7803909166366356,-1.7095400716450246,1.0
G0_consistent,6.6,-3.1377927971047574,-2.945923290311242,-1.709237691282498,1.0
G0_consistent,6.7,-3.9046214447414656,-1.810808202417894,-1.7089913780968773,1.0
G0_consistent,6.8,-4.2764421061713165,-0.48748534345850836,-1.7088304423787786,1.0
G0_consistent,6.9,-4.211136818346142,0.8899766829678316,-1.7087487890986963,1.0
G0_consistent,7.0,-3.711629608351445,2.1793204667091257,-1.708706172223141,1.0
G0_consistent,7.1,-2.827098608264057,3.2454622853383484,-1.7086438767216483,1.0
G0_consistent,7.2,-1.64863564704722,3.9758739818298,-1.7085089136683382,1.0
G0_consistent,7.3,-0.2994974949698222,4.2937431044631404,-1.7082765363173915,1.0
G0_consistent,7.4,1.078868100591364,4.1668457683237605,-1.7079611398534194,1.0
G0_consistent,7.5,0.0,0.0,0.0,0.0
G0_consistent,7.6,0.0,0.0,0.0,0.0
G0_consistent,7.7,0.0,0.0,0.0,0.0
G0_consistent,7.8,0.0,0.0,0.0,0.0
G0_consistent,7.9,0.0,0.0,0.0,0.0
G0_consistent,8.0,0.0,0.0,0.0,0.0
G1_b88,0.0,-0.16158833765141556,0.00034425596797638515,-4.6289407031116205,1.0
G1_b88,0.1,-0.15358304663768108,0.051279621139721225,-4.628916186502239,1.0
G1_b88,0.2,-0.1299129855976369,0.09720298626155383,-4.6288910458205645,1.0
G1_b88,0.3,-0.09292325988360738,0.13342138196226688,-4.628865368535092,1.0
G1_b88,0.4,-0.04632331574670975,0.15621029072309162,-4.628839292881062,1.0
G1_b88,0.5,0.00518485241200126,0.16319590415981078,-4.628812993929378,1.0
G1_b88,0.6,0.05638028182871075,0.15360177767089597,-4.628786665954358,1.0
G1_b88,0.7,0.10205113356415442,0.128334882803949,-4.628760502852755,1.0
G1_b88,0.8,0.1375247312386345,0.08990160844853444,-4.628734678501132,1.0
G1_b88,0.9,0.15914623575542045,0.04216068244136029,-4.6287093289652415,1.0
G1_b88,1.0,0.16465670135378965,-0.010063654950007979,-4.62868453838128,1.0
G1_b88,1.1,0.15343044557516095,-0.061469946855054136,-4.628660330052329,1.0
G1_b88,1.2,0.12654577641929748,-0.10681941105469982,-4.628636663793961,1.0
G1_b88,1.3,0.08668083338439996,-0.14147133815294471,-4.628613439858096,1.0
G1_b88,1.4,0.03784521007146133,-0.16185831811086723,-4.628590508994091,1.0
G1_b88,1.5,-0.015024633083864841,-0.16585250320263548,-4.628567687533698,1.0
G1_b88,1.6,-0.06656456411444657,-0.15298605329814863,-4.6285447759184,1.0
G1_b88,1.7,-0.11152618577760134,-0.12450393944467708,-4.6285215788311485,1.0
G1_b88,1.8,-0.14531017344305136,-0.08324371426647989,-4.628497924992283,1.0
G1_b88,1.9,-0.16443612260781537,-0.03335355107939308,-4.628473684685738,1.0
G1_b88,2.0,-0.16690109697753017,0.02012414015408613,-4.6284487832160774,1.0
G1_b88,2.1,-0.15238951923136007,0.07176218546039312,-4.628423208823435,1.0
G1_b88,2.2,-0.12231189799617855,0.11629958722111639,-4.628397014139181,1.0
G1_b88,2.3,-0.07966769722857736,0.14917748830536112,-4.62837031099554,1.0
G1_b88,2.4,-0.02874610863184611,0.16700526140819305,-4.628343259166844,1.0
G1_b88,2.5,0.025304900331008427,0.16790937735347197,-4.628316050263117,1.0
G1_b88,2.6,0.076997953244123,0.15172987031636867,-4.628288888430872,1.0
G1_b88,2.7,0.12106231463311462,0.12004429090134972,-4.628261969750346,1.0
G1_b88,2.8,0.1529811518382659,0.07601564604940618,-4.628235462312401,1.0
G1_b88,2.9,0.16945558946282396,0.024077985874854744,-4.628209488943889,1.0
G1_b88,3.0,0.16874731836478785,-0.03051005887248096,-4.6281841143906854,1.0
G1_b88,3.1,0.15086305313577789,-0.08219900355111588,-4.628159338392402,1.0
G1_b88,3.2,0.1175604145710299,-0.12571453597674948,-4.628135095468311,1.0
G1_b88,3.3,0.07217401081635792,-0.15659690929419576,-4.628111261456756,1.0
G1_b88,3.4,0.019279849725227872,-0.17165780467497316,-4.628087666069951,1.0
G1_b88,3.5,-0.0357670179984769,-0.16930810400615753,-4.628064110098842,1.0
G1_b88,3.6,-0.08737440355589964,-0.1497238527259426,-4.628040385502547,1.0
G1_b88,3.7,-0.1302800041419928,-0.11483402409101742,-4.628016296418986,1.0
G1_b88,3.8,-0.16008694673652277,-0.06813097771587519,-4.627991679071905,1.0
G1_b88,3.9,-0.17371397670349367,-0.014321693102651124,-4.627966418600485,1.0
G1_b88,4.0,-0.16971412546402515,0.041146108654482726,-4.627940461043358,1.0
G1_b88,4.1,-0.14842834823019221,0.09263550541449582,-4.627913819136252,1.0
G1_b88,4.2,-0.11195741863533488,0.13489338669339906,-4.627886571238862,1.0
G1_b88,4.3,-0.06395441580679785,0.16358616540136992,-4.627858853497744,1.0
G1_b88,4.4,-0.009258863254790283,0.17574346031512378,-4.627830846115253,1.0
G1_b88,4.5,0.046590433542453756,0.17006485371484414,-4.627802755186551,1.0
G1_b88,4.6,0.09791507568643923,0.147058782791734,-4.627774791934435,1.0
G1_b88,4.7,0.1394735850083304,0.10899900306361533,-4.627747151352676,1.0
G1_b88,4.8,0.1669969996012105,0.05970161969097608,-4.627719992323649,1.0
G1_b88,4.9,0.17762884043650565,0.004143438496294135,-4.627693421211854,1.0
G1_b88,5.0,0.17022322693633873,-0.05204095017520002,-4.627667480694143,1.0
G1_b88,5.1,0.14546885766619366,-0.10313231908915434,-4.62764214510384,1.0
G1_b88,5.2,0.1058248770581733,-0.14391080450498975,-4.627617322850509,1.0
G1_b88,5.3,0.05527498211585735,-0.17018995915732812,-4.627592865648688,1.0
G1_b88,5.4,-0.0010744978204588406,-0.17924580719872563,-4.627568583522554,1.0
G1_b88,5.5,-0.0575109851787805,-0.17009753037264289,-4.627544263987465,1.0
G1_b88,5.6,-0.1082941152301961,-0.14361196458770542,-4.627519693479917,1.0
G1_b88,5.7,-0.14823839285868032,-0.10242154589896832,-4.6274946789622655,1.0
G1_b88,5.8,-0.1732418166706242,-0.0506633421168288,-4.6274690676084065,1.0
G1_b88,5.9,-0.18070698218639264,0.006435673630432311,-4.627442762581032,1.0
G1_b88,6.0,-0.16981111606332275,0.06308615958613151,-4.627415733203696,1.0
G1_b88,6.1,-0.14159637062404642,0.11352352742076939,-4.627388018366277,1.0
G1_b88,6.2,-0.09887027119883357,0.1525946018948774,-4.6273597227516365,1.0
G1_b88,6.3,-0.04592615354724691,0.17628367221386582,-4.6273310063012945,1.0
G1_b88,6.4,0.011887964727102882,0.18212438415011448,-4.627302068076704,1.0
G1_b88,6.5,0.06870858439308743,0.16945593096115164,-4.627273126200184,1.0
G1_b88,6.6,0.1187501803519254,0.13949759050362906,-4.6272443958608696,1.0
G1_b88,6.7,0.15689380567015462,0.09523321422276745,-4.6272160675037295,1.0
G1_b88,6.8,0.17921154726254754,0.04111566518626495,-4.627188287333403,1.0
G1_b88,6.9,0.18337274902075593,-0.017380635973624443,-4.627161142139162,1.0
G1_b88,7.0,0.1688888645632253,-0.07431454662065687,-4.6271346501094035,1.0
G1_b88,7.1,0.13717013071014303,-0.12388357532130193,-4.627108758706611,1.0
G1_b88,7.2,0.09138733700897443,-0.16101684291889548,-4.627083349869956,1.0
G1_b88,7.3,0.03615302589553848,-0.18189403538632837,-4.627058251956818,1.0
G1_b88,7.4,-0.02294457379647565,-0.1843372148083341,-4.627033257106119,1.0
G1_b88,7.5,-0.07990700630904338,-0.16803621369876873,-4.627008142212775,1.0
G1_b88,7.6,-0.12893342266780877,-0.1345853940165156,-4.6269826914414365,1.0
G1_b88,7.7,-0.16501009697262198,-0.08732797955584613,-4.626956718111012,1.0
G1_b88,7.8,-0.18442253477507559,-0.031022745204269227,-4.626930083804817,1.0
G1_b88,7.9,-0.18513799232454767,0.028634501694775102,-4.626902712732829,1.0
G1_b88,8.0,-0.16701849871108151,0.08558698147220378,-4.626874599765694,1.0
