id,stage,fixture,valid,invalid_reason,epoch_et,duration_h,k_srp,shadow_model,stations,inc_deg,raan_deg,ecc,period_s,revolutions,beta_start_deg,beta_mid_deg,beta_end_deg,earth_view_start_deg,earth_view_mid_deg,earth_view_end_deg,alt_mean_km,alt_min_km,alt_max_km,sunlit_fraction,eclipse_fraction,penumbra_fraction,mean_illumination,eclipse_entries,eclipse_exits,n_eclipses,mean_eclipse_duration_s,min_eclipse_duration_s,max_eclipse_duration_s,srp_rtn_share_R,srp_rtn_share_T,srp_rtn_share_N,s_k_pos_norm_end_m,s_k_pos_norm_max_m,n_passes,mean_pass_samples,runtime_s,role,full_n_obs,full_k_column_norm,full_f_perp,full_theta_k_deg,full_raw_k_information,full_conditional_k_information,full_sigma_k,full_sigma_k_frac,full_smallest_design_sv,full_design_condition,full_weakest_mode_k_component,full_max_abs_k_state_correlation,full_rank_margin,matched_n_obs,matched_stage_n_match,matched_f_perp,matched_theta_k_deg,matched_conditional_k_information,matched_sigma_k,matched_sigma_k_frac,matched_k_column_norm,matched_max_abs_k_state_correlation,matched_weakest_mode_k_component,matched_smallest_design_sv,delta_f_perp_full,class_full,delta_f_perp_matched_vs_ref_full,class_matched,beta_target,altitude_nominal_km,normalization,inc_target,partner,counterfactual_of
G0_published,G0,PUBLISHED_R1M,True,,857806356.99998,29.44774902358768,0.01,CONICAL_PENUMBRA,Goldstone DSN;Madrid DSN;Canberra DSN,26.711475080149885,43.38394933974347,0.005335932778822172,7068.44945145109,14.99789978170564,21.814121535332376,21.466230888726496,21.108453699180377,113.0951353826364,110.82619040430777,108.10613628399042,99.85671641518124,89.86739316749899,109.81275486164913,0.6115351993214588,0.38761662425784565,0.002544529262086514,0.6120111884904684,15,15,16,2570.625,1260.0,2790.0,0.33493331506145596,0.4259388925777978,0.23912779236074622,2427.4652566170776,2435.856612216929,19,41.1578947368421,32.99596118927002,exact reproduction of the published W15 baseline,782,4274.174309160833,0.2522919965229832,14.613182283011557,18268566.025090486,1162817.0907819087,0.0009273513250655349,0.09273513250655349,10.783399664243646,96567782.6189659,0.9999999967347587,0.33736529092907436,6662381.157463631,782,782,0.2522919965229832,14.613182283011557,1162817.0907819087,0.0009273513250655349,0.09273513250655349,4274.174309160833,0.33736529092907436,0.9999999967347587,10.783399664243646,0.160784441949873,MARGINAL_DIRECTION_CHANGE_GAIN,0.160784441949873,MARGINAL_DIRECTION_CHANGE_GAIN,,,,,,
G0_consistent,G0,CONSISTENT,True,,857806356.99998,29.44774902358768,0.01,CONICAL_PENUMBRA,Goldstone DSN;Madrid DSN;Canberra DSN,26.711475080149885,43.38394933974347,0.005335932778822172,7068.44945145109,14.99789978170564,21.814121535332376,21.466230888726496,21.108453699180377,113.0951353826364,110.82619040430777,108.10613628399042,99.85671641518124,89.86739316749899,109.81275486164913,0.6115351993214588,0.38761662425784565,0.002544529262086514,0.6120111884904684,15,15,16,2570.625,1260.0,2790.0,0.33493331506145596,0.4259388925777978,0.23912779236074622,2427.4652566170776,2435.856612216929,25,38.4,33.843058347702026,"same orbit, epoch-consistent fixture = f_ref",960,4302.023784934325,0.09150755457311016,5.250341535432847,18507408.646140654,154974.2393435186,0.0025402136377136,0.25402136377136003,3.9366767622729726,291591736.0713757,0.9999999998796024,0.6458187491531462,2206411.5533821504,782,782,0.09269366124224986,5.318590523979167,129213.3521854913,0.002781930674650618,0.2781930674650618,3877.9629933896563,0.6427611250893873,0.9999999998817395,3.5946258797672206,0.0,MAGNITUDE_ONLY,0.0011861066691396943,MAGNITUDE_ONLY,,,,,,
G1_b00,G1,CONSISTENT,True,,857806356.99998,29.44774902358768,0.01,CONICAL_PENUMBRA,Goldstone DSN;Madrid DSN;Canberra DSN,90.0,167.608417759,2.296437307895594e-16,7068.449451451094,14.99789978170563,-3.945735557337143e-10,0.5951684921745102,1.190636400241618,94.84791481905881,102.63053932116978,110.49068074375258,99.9210846991864,99.7929038020738,100.17155774921109,0.6039016115351993,0.39525021204410515,0.0016963528413910093,0.604854454800651,15,15,16,2621.25,1440.0,2790.0,0.4396943149271492,0.5520607773542593,0.00824490771859147,2212.9961855211004,2212.9961855211004,25,38.2,34.393078088760376,,955,3520.2658751190515,0.07841831335514571,4.4976561205284735,12392271.831527703,76205.43133588006,0.003622488681571655,0.3622488681571655,2.7605331248492937,418037372.8406185,0.9999999999870195,0.7307272453765661,1539028.3671693034,955,955,0.07841831335514571,4.4976561205284735,76205.43133588006,0.003622488681571655,0.3622488681571655,3520.2658751190515,0.7307272453765661,0.9999999999870195,2.7605331248492937,-0.013089241217964454,MAGNITUDE_ONLY,-0.013089241217964454,MAGNITUDE_ONLY,0,,,,,
G1_b20,G1,CONSISTENT,True,,857806356.99998,29.44774902358768,0.01,CONICAL_PENUMBRA,Goldstone DSN;Madrid DSN;Canberra DSN,90.0,7.608417816000001,3.3766252644563744e-16,7068.449451451084,14.997899781705652,19.99999999979373,19.40483057924385,18.809363202188162,105.1276476955742,97.33433993973239,89.46123709776415,99.92134529214248,99.78993929723627,100.17152850696515,0.6115351993214588,0.38761662425784565,0.0016963528413910093,0.612673167066618,15,15,15,2742.0,2700.0,2790.0,0.34491300357361154,0.43537370071304476,0.21971329571334366,1998.3812822120342,1998.3812822120342,22,43.45454545454545,34.08848762512207,,956,2514.3033902231577,0.10563837829087859,6.063947500927083,6321721.538087665,70547.04268472051,0.0037649619681642188,0.3764961968164219,2.6560693266621866,452893573.23490125,0.9999999999690675,0.4786319554011142,1420579.609340021,955,955,0.10572371870462459,6.0688646822881305,70543.81138711613,0.0037650481952410716,0.37650481952410714,2512.216303046715,0.4786651650746287,0.9999999999690865,2.6560084974026674,0.014130823717768429,MAGNITUDE_ONLY,0.014216164131514428,MAGNITUDE_ONLY,20,,,,,
G1_b40,G1,CONSISTENT,True,,857806356.99998,29.44774902358768,0.01,CONICAL_PENUMBRA,Goldstone DSN;Madrid DSN;Canberra DSN,90.0,27.608417891000002,3.0246358312001146e-18,7068.449451451092,14.997899781705636,39.99999999960115,39.40482963128945,38.80936286494236,125.09788122514078,117.29577096283033,109.41348257965916,99.92132690978441,99.79052019767603,100.1715285069649,0.6378286683630195,0.361323155216285,0.0016963528413910093,0.638824061029632,15,15,15,2556.0,2520.0,2610.0,0.2630928255797425,0.34092186990104617,0.39598530451921143,1719.0902193910472,1719.0902193910472,22,44.36363636363637,34.037349700927734,,976,1933.1125603973528,0.11201617193457597,6.431552132242813,3736924.171166009,46889.51483810905,0.00461808721378298,0.461808721378298,2.1653986892643156,517900235.05273145,0.9999999999633963,0.4215729935270725,1242268.9386752949,955,955,0.11266073744324072,6.46871827783244,46187.34145454551,0.004653058551866356,0.46530585518663564,1907.6069358353352,0.4228057159594185,0.9999999999612589,2.1491240413472883,0.02050861736146581,MARGINAL_DIRECTION_CHANGE_GAIN,0.021153182870130557,MARGINAL_DIRECTION_CHANGE_GAIN,40,,,,,
G1_b55,G1,CONSISTENT,True,,857806356.99998,29.44774902358768,0.01,CONICAL_PENUMBRA,Goldstone DSN;Madrid DSN;Canberra DSN,90.0,42.60841798500001,3.1607060469762993e-16,7068.449451451087,14.997899781705645,55.000000000380105,54.40482886211575,53.80936261411002,140.0639928837215,132.2566460669473,124.36969187418067,99.9213063648357,99.79116768955626,100.1715285069649,0.6870229007633588,0.3104325699745547,0.004240882103477523,0.6895693035989711,15,15,15,2196.0,2160.0,2250.0,0.2037882055242663,0.27056145307172075,0.5256503414040129,1408.0755697706281,1408.0755697706281,22,46.18181818181818,34.61768388748169,,1016,1288.4905875537581,0.12588423057546094,7.231821837129112,1660207.9942146288,26309.049633513583,0.006165203550770304,0.6165203550770304,1.6220064621438397,605174194.3222874,0.9999999999781576,0.4157188994318534,1063117.6632690534,955,955,0.1259010847265596,7.232795253482016,24686.983504715856,0.006364524850910091,0.6364524850910092,1247.97113822342,0.41821247728415806,0.9999999999769825,1.571209200061475,0.03437667600235078,MARGINAL_DIRECTION_CHANGE_GAIN,0.034393530153449425,MARGINAL_DIRECTION_CHANGE_GAIN,55,,,,,
G1_b65,G1,CONSISTENT,True,,857806356.99998,29.44774902358768,0.01,CONICAL_PENUMBRA,Goldstone DSN;Madrid DSN;Canberra DSN,90.0,52.608418097999994,2.4836055293058524e-16,7068.449451451092,14.997899781705636,65.00000000001125,64.40482820381484,63.80936245895831,150.02672930336286,142.21854735570008,134.3309354324176,99.92129015176339,99.79166876668623,100.17152850696468,0.7667514843087362,0.22815945716709077,0.010178117048346057,0.7715163146315318,15,15,15,1614.0,1530.0,1710.0,0.1644188677902534,0.2149015415173849,0.6206795906923617,1165.607951304551,1165.607951304551,22,48.54545454545455,35.1403751373291,,1068,883.65580520049,0.13913906128139933,7.99803050782458,780847.5820645264,15116.958048094846,0.008133318809266028,0.8133318809266028,1.2295103922999746,696929216.4731022,0.9999999999881433,0.4022665396745047,923151.677575671,955,955,0.13942137426806156,8.014365063292622,13589.479179251717,0.008578247921450097,0.8578247921450097,836.1266135483039,0.4037748782731259,0.9999999999877877,1.1657392152158084,0.04763150670828917,MARGINAL_DIRECTION_CHANGE_GAIN,0.0479138196949514,MARGINAL_DIRECTION_CHANGE_GAIN,65,,,,,
G1_b69,G1,CONSISTENT,True,,857806356.99998,29.44774902358768,0.01,CONICAL_PENUMBRA,Goldstone DSN;Madrid DSN;Canberra DSN,90.0,56.608418171,1.9862125067983028e-17,7068.449451451092,14.997899781705636,69.00000000012088,68.40482786114535,67.80936244666287,154.00478816398507,146.19817383033123,138.31160456338202,99.9212835053021,99.79186419171282,100.17152850696515,0.8379983036471587,0.15436810856658184,0.016963528413910092,0.845262900394268,15,15,15,1092.0,990.0,1170.0,0.15082392606608394,0.18642557970000762,0.6627504942339084,1069.566219905172,1069.566219905172,22,50.27272727272727,35.376145362854004,,1106,789.4426371718085,0.13679244028705265,7.862280821244758,623219.6773847798,11661.793622311849,0.00926013513039432,0.9260135130394319,1.0798978480426384,741994036.3785055,0.9999999999896858,0.4128702573417542,867084.2942064378,955,955,0.13670335774154255,7.8571283645674335,10065.833052939295,0.009967245111668995,0.9967245111668994,733.9148573180642,0.41765478323890703,0.9999999999890051,1.0032862529068045,0.045284885713942485,MARGINAL_DIRECTION_CHANGE_GAIN,0.045195803168432386,MARGINAL_DIRECTION_CHANGE_GAIN,69,,,,,
G1_b71,G1,CONSISTENT,True,,857806356.99998,29.44774902358768,0.01,CONICAL_PENUMBRA,Goldstone DSN;Madrid DSN;Canberra DSN,90.0,58.608418218,1.137499246969409e-16,7068.449451451092,14.997899781705636,70.99999999978274,70.40482768335869,69.80936254275022,155.99130132367554,148.18632260975406,140.30077037532683,99.92128102787217,99.79192191707087,100.17152850696515,0.9067005937234945,0.07548770144189991,0.04240882103477523,0.9264572857429534,15,15,15,534.0,180.0,720.0,0.14670529493417517,0.16744275224493224,0.6858519528208926,1039.1842339220652,1039.1842339220652,22,51.18181818181818,35.00787568092346,,1126,827.791556960411,0.1227205163572889,7.049137454743377,685238.8617749413,10319.920053467673,0.009843778515730879,0.9843778515730879,1.0158700730481955,759951844.4938892,0.9999999999845783,0.4768631129215946,846594.9257181064,955,955,0.12276337027734381,7.05161151077501,8783.751082018216,0.010669891175338845,1.0669891175338844,763.4334895226945,0.47915889022702696,0.9999999999841909,0.9372166815491761,0.031212961784178733,MARGINAL_DIRECTION_CHANGE_GAIN,0.03125581570423365,MARGINAL_DIRECTION_CHANGE_GAIN,71,,,,,
G1_b73,G1,CONSISTENT,True,,857806356.99998,29.44774902358768,0.01,CONICAL_PENUMBRA,Goldstone DSN;Madrid DSN;Canberra DSN,90.0,60.608418276,1.1545089258668886e-16,7068.449451451092,14.997899781705636,72.99999999975908,72.40482756680157,71.80936257345644,157.97552898662377,150.17306271074588,142.28898750472126,99.9212771811151,99.79203576969914,100.1715285069649,1.0,0.0,0.0,1.0,0,0,0,0.0,0.0,0.0,0.14389875112594375,0.14369688047536328,0.7124043683986929,984.6690384467641,984.6690384467641,22,52.45454545454545,33.33782887458801,,1154,828.3321861536748,0.11491045089729948,6.598460022445574,686134.2106181262,9059.998615898245,0.010505964629689748,1.0505964629689748,0.9518402500258117,779479488.2872115,0.9999999999886224,0.45032394052114355,825385.8953394062,955,955,0.11489382877575151,6.597501295207257,7501.988814361074,0.011545474698201797,1.1545474698201796,753.8613950402042,0.45458227202165075,0.9999999999883699,0.8661402204139078,0.02340289632418932,MARGINAL_DIRECTION_CHANGE_GAIN,0.023386274202641347,MARGINAL_DIRECTION_CHANGE_GAIN,73,,,,,
G1_b80,G1,CONSISTENT,True,,857806356.99998,29.44774902358768,0.01,CONICAL_PENUMBRA,Goldstone DSN;Madrid DSN;Canberra DSN,90.0,67.608418656,3.7481657299546157e-16,7068.449451451084,14.997899781705652,79.99999999987426,79.40482715914112,78.80936196876118,164.88929807296668,157.11021636683063,149.2375626640494,99.92125291059861,99.79284408384724,100.17152850696468,1.0,0.0,0.0,1.0,0,0,0,0.0,0.0,0.0,0.0962301018871473,0.09609470840106854,0.8076751897117841,591.9938599494741,591.9938599494741,18,74.38888888888889,9.963729619979858,,1339,436.6851811934251,0.11416101724261833,6.555236185447769,190693.9474739345,2485.264228510105,0.020059204944057236,2.0059204944057236,0.4985242449967022,1259107964.214025,0.9999999999970249,0.4654877343202837,510973.9542790163,955,955,0.1141272865437677,6.553290844399474,1775.3719127985726,0.023733146910700716,2.3733146910700715,369.1944643879839,0.46254003868673965,0.9999999999970857,0.4213516242745749,0.02265346266950817,MARGINAL_DIRECTION_CHANGE_GAIN,0.022619731970657544,MARGINAL_DIRECTION_CHANGE_GAIN,80,,,,,
G1_b88,G1,CONSISTENT,True,,857806356.99998,29.44774902358768,0.01,CONICAL_PENUMBRA,Goldstone DSN;Madrid DSN;Canberra DSN,90.0,75.60842229,3.514690538966e-16,7068.449451451084,14.997899781705652,87.99999999950063,87.40482554364975,86.80935927265098,172.59642371760893,164.97179523808092,157.14484807046784,99.92122452632005,99.79373375750566,100.17152850696468,1.0,0.0,0.0,1.0,0,0,0,0.0,0.0,0.0,0.02729468876055433,0.027255423956742117,0.9454498872827035,132.76400052869303,132.76400052869303,10,151.1,10.894525051116943,,1511,94.21177713757963,0.1394494024468479,8.015986802133623,8875.858951420973,172.60115889071324,0.07611638363105958,7.611638363105957,0.13137776025287318,3618557089.8296394,0.9999999999997069,0.5184941589418067,177797.76838312417,955,955,0.13965635565341128,8.02796152465783,109.38762040156318,0.09561277269290289,9.561277269290288,74.88992273884136,0.517226977923671,0.9999999999997076,0.10458853684868982,0.04794184787373773,MARGINAL_DIRECTION_CHANGE_GAIN,0.04814880108030112,MARGINAL_DIRECTION_CHANGE_GAIN,88,,,,,
G2_alt30_b20_fixD,G2,CONSISTENT,True,,857806356.99998,29.44774902358768,0.01,CONICAL_PENUMBRA,Goldstone DSN;Madrid DSN;Canberra DSN,90.0,7.608417815999999,1.1444864896693908e-16,6667.454377773838,15.899905792877943,19.99999999979373,19.404831361755306,18.809363068339653,105.1276476955742,97.33434072708185,89.46123697912373,29.73840280440983,29.603732212828007,30.000000000000234,0.5572519083969466,0.4410517387616624,0.0033927056827820186,0.5587101606656879,16,16,16,2925.0,2880.0,2970.0,0.3583284737061267,0.4222832943898336,0.21938823190403972,1564.6986902574436,1589.2673088272222,25,34.64,9.516545534133911,,866,1866.0791687075514,0.1019423793909427,5.851032323540949,3482251.463884266,36188.42330394653,0.00525672392500094,0.525672392500094,1.9023255058564417,606282803.8678629,0.9999999999775073,0.5339223482908763,1061173.7150289733,784,784,0.1018156246619931,5.843731826571976,32663.947871611665,0.005533063610587225,0.5533063610587226,1775.0880765749164,0.5388128354331948,0.9999999999759809,1.807317013421884,0.010434824817832533,MAGNITUDE_ONLY,0.010308070088882945,MAGNITUDE_ONLY,20.0,30.0,FIXED_DURATION,,,
G2_alt30_b20_fixN,G2,CONSISTENT,True,,857806356.99998,27.78105990739098,0.01,CONICAL_PENUMBRA,Goldstone DSN;Madrid DSN;Canberra DSN,90.0,7.608417815999999,1.1444864896693908e-16,6667.454377773838,14.999999999999993,19.99999999979373,19.438181399706956,18.877123757105164,105.1276476955742,97.77309947991264,90.36079527669737,29.73983926658952,29.604154342943104,30.000000000000234,0.560251798561151,0.4379496402877698,0.0035971223021582736,0.5617979131518399,15,15,15,2922.0,2880.0,2970.0,0.36068706479367385,0.41955544588289956,0.21975748932342654,1589.2673088272222,1589.2673088272222,23,34.08695652173913,8.718266487121582,,784,1622.696865626963,0.10333098575372138,5.931016015214548,2633145.11771557,28114.86092444161,0.005963923035412825,0.5963923035412825,1.6767486670087595,597233051.3495766,0.9999999999771289,0.5240139330930562,1077253.4672768132,784,784,0.10333098575372138,5.931016015214548,28114.86092444161,0.005963923035412825,0.5963923035412825,1622.696865626963,0.5240139330930562,0.9999999999771289,1.6767486670087595,0.011823431180611216,MAGNITUDE_ONLY,0.011823431180611216,MAGNITUDE_ONLY,20.0,30.0,FIXED_REVOLUTIONS,,,
G2_alt30_b85_fixD,G2,CONSISTENT,True,,857806356.99998,29.44774902358768,0.01,CONICAL_PENUMBRA,Goldstone DSN;Madrid DSN;Canberra DSN,90.0,72.608419567,2.2936375634436873e-16,6667.454377773834,15.899905792877954,84.99999999950793,84.40483007779484,83.8093605373083,169.75816129329036,162.03752082415232,154.18582426926977,29.73832117956087,29.606556094948434,29.999999999999766,1.0,0.0,0.0,1.0,0,0,0,0.0,0.0,0.0,0.05529297284290375,0.05562338319040956,0.8890836439666867,267.3261321275644,271.19396009948036,25,45.36,8.891926050186157,,1134,162.54577798207706,0.10367587771941553,5.950883576091116,26421.129939798688,283.99247231387204,0.05933986934432548,5.933986934432548,0.16852076201857472,2978002465.579211,0.9999999999988393,0.6204650180466997,216041.2500576989,784,784,0.1036238072652389,5.94788400267607,197.39631280234025,0.07117549266167378,7.117549266167377,135.58447796983833,0.6178387904489564,0.9999999999988561,0.1404977981328861,0.012168323146305365,MAGNITUDE_ONLY,0.012116252692128737,MAGNITUDE_ONLY,85.0,30.0,FIXED_DURATION,,,
G2_alt50_b20_fixD,G2,CONSISTENT,True,,857806356.99998,29.44774902358768,0.01,CONICAL_PENUMBRA,Goldstone DSN;Madrid DSN;Canberra DSN,90.0,7.608417815999999,2.8803210838868514e-17,6780.94789272717,15.63378721706703,19.99999999979373,19.40483105496302,18.809362485719713,105.1276476955742,97.33434040496736,89.46123639354663,49.74159200804405,49.60776755346428,50.000000000000234,0.5742154368108566,0.4257845631891433,0.0,0.5742154368108566,16,15,16,2823.75,2430.0,2880.0,0.353452590507009,0.42680162241746805,0.21974578707552295,477.1215085285071,1714.8732115068576,24,37.541666666666664,9.607909202575684,,901,2001.8687089724758,0.1055354317670922,6.058015942654509,4007478.3279631273,44634.2010110153,0.004733322738101663,0.4733322738101663,2.1126807853881013,548168416.1483543,0.9999999999827976,0.4832467029177525,1173674.6525077478,784,784,0.10533408780902472,6.046415123216742,38679.2072390924,0.0050846518037732935,0.5084651803773294,1867.1097357708336,0.4910443612956957,0.99999999998278,1.9667030085338097,0.014027877193982033,MAGNITUDE_ONLY,0.013826533235914554,MAGNITUDE_ONLY,20.0,50.0,FIXED_DURATION,,,
G2_alt50_b20_fixN,G2,CONSISTENT,True,,857806356.99998,28.253949553029884,0.01,CONICAL_PENUMBRA,Goldstone DSN;Madrid DSN;Canberra DSN,90.0,7.608417815999999,2.8803210838868514e-17,6780.94789272717,15.000000000000004,19.99999999979373,19.429085804536857,18.85790884766058,105.1276476955742,97.65346265148335,90.10579967933988,49.74277171293383,49.60828378027235,50.000000000000234,0.5800176834659593,0.41998231653404067,0.0,0.5800176834659593,15,15,15,2850.0,2790.0,2880.0,0.3535407568639452,0.42651299986989905,0.21994624326615567,1714.8732115068576,1714.8732115068576,22,38.04545454545455,9.183109760284424,,837,1873.1267886091662,0.10392114445648325,5.965012645365845,3508603.9662052877,37891.534358136196,0.00513722874731157,0.513722874731157,1.9465747958146258,546952523.4683901,0.9999999999851046,0.47946768738264334,1176283.7682123329,784,784,0.1039723708050245,5.967963685123818,35620.78681857361,0.005298442747005809,0.5298442747005809,1815.2389726251176,0.47969060546261927,0.9999999999850226,1.887346995586827,0.012413589883373086,MAGNITUDE_ONLY,0.012464816231914339,MAGNITUDE_ONLY,20.0,50.0,FIXED_REVOLUTIONS,,,
G2_alt50_b85_fixD,G2,CONSISTENT,True,,857806356.99998,29.44774902358768,0.01,CONICAL_PENUMBRA,Goldstone DSN;Madrid DSN;Canberra DSN,90.0,72.60841956699998,3.3833037284002385e-16,6780.947892727167,15.633787217067038,84.99999999950793,84.40482915413332,83.8093580010672,169.75816129329036,162.03751971387427,154.18582170946007,49.74155901094434,49.610884480260545,50.0,1.0,0.0,0.0,1.0,0,0,0,0.0,0.0,0.0,0.05566798519747714,0.05523768282432596,0.8890943319781969,74.08894105036407,280.7557280481971,21,60.714285714285715,9.56380033493042,,1275,166.10592175718577,0.11206246822469398,6.434221521350648,27591.177242804322,346.4899150987564,0.05372231273612247,5.372231273612247,0.1861423957882303,2714888300.3705406,0.9999999999986394,0.625204452866639,236978.94872906266,784,784,0.1116056794935591,6.40788423811971,211.57317823419527,0.06874952390268452,6.874952390268452,130.32988410789972,0.6263544173946223,0.9999999999986269,0.14545555274159203,0.020554913651583823,MARGINAL_DIRECTION_CHANGE_GAIN,0.020098124920448934,MARGINAL_DIRECTION_CHANGE_GAIN,85.0,50.0,FIXED_DURATION,,,
G2_alt100_b20_fixD,G2,CONSISTENT,True,,857806356.99998,29.44774902358768,0.01,CONICAL_PENUMBRA,Goldstone DSN;Madrid DSN;Canberra DSN,90.0,7.608417816000001,3.3766252644563744e-16,7068.449451451084,14.997899781705652,19.99999999979373,19.40483057924385,18.809363202188162,105.1276476955742,97.33433993973239,89.46123709776415,99.92134529214248,99.78993929723627,100.17152850696515,0.6115351993214588,0.38761662425784565,0.0016963528413910093,0.612673167066618,15,15,15,2742.0,2700.0,2790.0,0.34491300357361154,0.43537370071304476,0.21971329571334366,1998.3812822120342,1998.3812822120342,22,43.45454545454545,9.63184928894043,,956,2514.3033902231577,0.10563837829087859,6.063947500927083,6321721.538087665,70547.04268472051,0.0037649619681642188,0.3764961968164219,2.6560693266621866,452893573.23490125,0.9999999999690675,0.4786319554011142,1420579.609340021,784,784,0.10535076446273275,6.0473759712417126,57572.93182229403,0.0041676460402788424,0.41676460402788423,2277.568677931192,0.4771940599824349,0.9999999999760113,2.3994360133066976,0.014130823717768429,MAGNITUDE_ONLY,0.013843209889622593,MAGNITUDE_ONLY,20.0,100.1715285069649,FIXED_DURATION,,,
G2_alt100_b20_fixN,G2,CONSISTENT,True,,857806356.99998,29.45187271437954,0.01,CONICAL_PENUMBRA,Goldstone DSN;Madrid DSN;Canberra DSN,90.0,7.608417816000001,3.3766252644563744e-16,7068.449451451084,15.000000000000012,19.99999999979373,19.40483057924385,18.809363202188162,105.1276476955742,97.33433993973239,89.46123709776415,99.92134529214248,99.78993929723627,100.17152850696515,0.6115351993214588,0.38761662425784565,0.0016963528413910093,0.612673167066618,15,15,15,2742.0,2700.0,2790.0,0.34491300357361154,0.43537370071304476,0.21971329571334366,1998.3812822120342,1998.3812822120342,22,43.45454545454545,9.673556327819824,,956,2514.3033902231577,0.10563837829087859,6.063947500927083,6321721.538087665,70547.04268472051,0.0037649619681642188,0.3764961968164219,2.6560693266621866,452893573.23490125,0.9999999999690675,0.4786319554011142,1420579.609340021,784,784,0.10535076446273275,6.0473759712417126,57572.93182229403,0.0041676460402788424,0.41676460402788423,2277.568677931192,0.4771940599824349,0.9999999999760113,2.3994360133066976,0.014130823717768429,MAGNITUDE_ONLY,0.013843209889622593,MAGNITUDE_ONLY,20.0,100.1715285069649,FIXED_REVOLUTIONS,,,
G2_alt100_b85_fixD,G2,CONSISTENT,True,,857806356.99998,29.44774902358768,0.01,CONICAL_PENUMBRA,Goldstone DSN;Madrid DSN;Canberra DSN,90.0,72.608419567,2.343227630099358e-16,7068.449451451087,14.997899781705645,84.99999999950793,84.40482651644216,83.80936083526142,169.75816129329036,162.03751742337303,154.1858247153886,99.92123521617694,99.79341064008256,100.17152850696468,1.0,0.0,0.0,1.0,0,0,0,0.0,0.0,0.0,0.055479558892967504,0.05540099626365479,0.8891194448433777,305.76097879149967,305.76097879149967,13,111.6923076923077,10.666009664535522,,1452,202.81455445498418,0.10575913130660218,6.07090511427863,41133.74349877374,460.080668255706,0.04662115271397003,4.662115271397003,0.21449491095476442,2496940283.3156047,0.9999999999991473,0.5464696580047069,257663.9015508735,784,784,0.10563730795764913,6.063885830282706,248.24043254373478,0.06346930465020062,6.346930465020062,149.14851527580097,0.5480566184992692,0.9999999999991313,0.1575564763960228,0.014251576733492019,MAGNITUDE_ONLY,0.014129753384538965,MAGNITUDE_ONLY,85.0,100.1715285069649,FIXED_DURATION,,,
G2_alt200_b20_fixD,G2,CONSISTENT,True,,857806356.99998,29.44774902358768,0.01,CONICAL_PENUMBRA,Goldstone DSN;Madrid DSN;Canberra DSN,90.0,7.608417816000001,2.2894028817316013e-16,7652.2071796071505,13.853767154584293,19.99999999979373,19.404831335688463,18.809362989940663,105.1276476955742,97.33434066492278,89.46123682318787,199.76075778372171,199.63734384252317,200.00001624144008,0.6437659033078881,0.35453774385072095,0.007633587786259542,0.6459318550979805,14,14,14,2687.1428571428573,2610.0,2700.0,0.3352809279394745,0.4453764911278547,0.21934258093267076,1983.593481445268,2204.6096510199586,21,49.38095238095238,10.235635757446289,,1037,3267.2075157086506,0.10820632364277422,6.211928292467299,10674644.950703092,124985.23835113294,0.0028285941485318706,0.28285941485318705,3.535325138395814,350040066.52421457,0.9999999999624025,0.4575251750550215,1837993.523790329,784,784,0.10807392419707731,6.204297614132961,94184.116262154,0.0032584507892194636,0.32584507892194636,2839.6702557661392,0.4715467200582775,0.9999999999443264,3.0689430794929047,0.016698769069664054,MAGNITUDE_ONLY,0.016566369623967153,MAGNITUDE_ONLY,20.0,200.0,FIXED_DURATION,,,
G2_alt200_b20_fixN,G2,CONSISTENT,True,,857806356.99998,31.88419658169647,0.01,CONICAL_PENUMBRA,Goldstone DSN;Madrid DSN;Canberra DSN,90.0,7.608417816000001,2.2894028817316013e-16,7652.2071796071505,15.000000000000005,19.99999999979373,19.35530795763681,18.711248086525522,105.1276476955742,96.68238621717414,88.15709863931573,199.76266538806877,199.6368662702949,200.00002180100606,0.6473354231974922,0.3503134796238245,0.007836990595611285,0.6499098229470454,15,15,15,2682.0,2610.0,2700.0,0.33873538078923854,0.44247769155539596,0.2187869276553655,2543.9122266719255,2543.9122266719255,23,48.95652173913044,11.730810165405273,,1126,3608.8488474531227,0.10839941828111917,6.223057261519544,13023790.003763732,153035.1833542238,0.0025562560657892332,0.2556256065789233,3.91197115710498,351813127.11260676,0.999999999954213,0.46858038480784325,1828730.4416947316,784,784,0.10830007878093335,6.2173318208128165,106471.15915739733,0.0030646720591197916,0.3064672059119792,3012.91735190514,0.4634235159682352,0.9999999999627722,3.2629918655961627,0.016891863708009006,MAGNITUDE_ONLY,0.016792524207823192,MAGNITUDE_ONLY,20.0,200.0,FIXED_REVOLUTIONS,,,
G2_alt200_b85_fixD,G2,CONSISTENT,True,,857806356.99998,29.44774902358768,0.01,CONICAL_PENUMBRA,Goldstone DSN;Madrid DSN;Canberra DSN,90.0,72.608419567,2.2924447462159214e-16,7652.2071796071505,13.853767154584293,84.99999999950793,84.40482995264202,83.80936007073346,169.75816129329036,162.0375206284264,154.18582370984552,199.76063530869087,199.64150372920417,199.99999999999977,1.0,0.0,0.0,1.0,0,0,0,0.0,0.0,0.0,0.055230471985463006,0.05565118791648445,0.8891183400980526,277.5963301610346,309.5386030188714,5,314.8,11.495920419692993,,1574,232.2555764196795,0.10515517589510211,6.036106977925641,53942.65277803758,596.4768716732162,0.040945218751767216,4.094521875176722,0.24422875991009652,2198834145.6207533,0.9999999999991738,0.5232262498195787,292596.59107077046,784,784,0.10645425209038037,6.110958714845485,306.4680099968702,0.05712252887044694,5.712252887044694,164.4483654260402,0.4965999366223268,0.9999999999992726,0.17506227748901979,0.013647621321991946,MAGNITUDE_ONLY,0.014946697517270208,MAGNITUDE_ONLY,85.0,200.0,FIXED_DURATION,,,
G2_alt500_b20_fixD,G2,CONSISTENT,True,,857806356.99998,29.44774902358768,0.01,CONICAL_PENUMBRA,Goldstone DSN;Madrid DSN;Canberra DSN,90.0,7.608417816000001,2.288895195861811e-16,9496.711118043331,11.163011611830303,19.99999999979373,19.404829915883372,18.809362879611857,105.1276476955742,97.33433920598296,89.46123666707327,499.79661841252897,499.6841585928327,500.00002746220355,0.7370653095843935,0.26123833757421544,0.0016963528413910093,0.7382714983523343,11,11,11,2520.0,2520.0,2520.0,0.3398235230830532,0.4431299559257797,0.21704652099116709,2533.3663679157144,3238.681157367553,20,55.5,10.089076519012451,,1110,4894.71280695013,0.11646853222945266,6.688334988367675,23958213.462521616,324991.22499622183,0.0017541397196703223,0.17541397196703223,5.700800162894029,206146569.07986167,0.9999999999635462,0.3596497073958372,3120941.46514463,784,784,0.11653319704823616,6.692065411547644,229980.97909790164,0.0020852303661853294,0.20852303661853294,4115.250704582274,0.3647841261578684,0.9999999999624707,4.795633212419816,0.024960977656342503,MARGINAL_DIRECTION_CHANGE_GAIN,0.025025642475125995,MARGINAL_DIRECTION_CHANGE_GAIN,20.0,500.0,FIXED_DURATION,,,
G2_alt500_b20_fixN,G2,CONSISTENT,True,,857806356.99998,39.5696296585139,0.01,CONICAL_PENUMBRA,Goldstone DSN;Madrid DSN;Canberra DSN,90.0,7.608417816000001,2.288895195861811e-16,9496.711118043331,15.000000000000005,19.99999999979373,19.199650018695223,18.39958275618967,105.1276476955742,94.62980017935745,84.00215348261298,499.79465425723095,499.6813018468209,500.00011320710183,0.7323232323232324,0.26641414141414144,0.0025252525252525255,0.7334681102600975,15,15,15,2532.0,2520.0,2610.0,0.33743204643189695,0.4472891856389479,0.21527876792915515,4416.764039552537,4416.764039552537,23,64.0,15.75040864944458,,1472,7230.350927832236,0.11486457735093344,6.595814142170777,52277974.53960448,689748.8590134109,0.0012040776763477493,0.12040776763477493,8.305112033704578,210046825.41191006,0.9999999999350736,0.3627455765328492,3062990.235996025,784,784,0.11515106631011347,6.612338395729815,369734.05435891123,0.0016445810186938073,0.16445810186938073,5280.520860534703,0.3612219086786131,0.9999999999332275,6.080576077227669,0.023357022777823283,MARGINAL_DIRECTION_CHANGE_GAIN,0.02364351173700331,MARGINAL_DIRECTION_CHANGE_GAIN,20.0,500.0,FIXED_REVOLUTIONS,,,
G2_alt500_b85_fixD,G2,CONSISTENT,True,,857806356.99998,29.44774902358768,0.01,CONICAL_PENUMBRA,Goldstone DSN;Madrid DSN;Canberra DSN,90.0,72.608419567,3.550219255214022e-16,9496.711118043331,11.163011611830303,84.99999999950793,84.40482511560982,83.80935951036948,169.75816129329036,162.0375157927845,154.18582376680945,499.7964272889525,499.6897340303259,500.0,1.0,0.0,0.0,1.0,0,0,0,0.0,0.0,0.0,0.0557283911793098,0.055206057568283784,0.8890655512524064,312.15307680102217,404.4467693734511,5,314.4,11.082061290740967,,1572,288.2257158237209,0.10953435386625819,6.288473814935884,83074.06326209633,996.7038925130576,0.03167502182698404,3.1675021826984042,0.3157061755035801,1522124565.8683777,0.9999999999989556,0.46695491019294455,422679.84484673006,784,784,0.10850682136683908,6.229247517868069,496.7524940993917,0.0448673037470266,4.48673037470266,205.40593447576416,0.45910829890894306,0.9999999999990031,0.22287945039828125,0.01802679929314803,MAGNITUDE_ONLY,0.016999266793728915,MAGNITUDE_ONLY,85.0,500.0,FIXED_DURATION,,,
G2_alt1000_b20_fixD,G2,CONSISTENT,True,,857806356.99998,29.44774902358768,0.01,CONICAL_PENUMBRA,Goldstone DSN;Madrid DSN;Canberra DSN,90.0,7.608417815999999,2.2224982963659317e-16,12851.835885612567,8.248774527505004,19.99999999979373,19.404831023911328,18.809362029533848,105.1276476955742,97.3343402962772,89.4612356956197,999.8342775199551,999.7384340319717,1000.0001387759899,0.8100084817642069,0.18829516539440203,0.004240882103477523,0.811698525857788,8,8,8,2497.5,2430.0,2520.0,0.3463215328222848,0.4381156421609119,0.21556282501680318,2606.8084597159386,4703.6516434973155,16,76.1875,9.70939326286316,,1219,8070.457049701667,0.11545699583335892,6.629984561874663,65132276.99107933,868233.9569863821,0.0010732023534243337,0.10732023534243337,9.317907258870452,123442876.46133277,0.9999999999209451,0.3302251090944554,5211895.524325147,784,784,0.1153547702933537,6.624088071998373,557408.0165698475,0.0013394095613228443,0.13394095613228443,6472.186846309159,0.33907420324701,0.9999999999086294,7.465976268834434,0.023949441260248755,MARGINAL_DIRECTION_CHANGE_GAIN,0.023847215720243536,MARGINAL_DIRECTION_CHANGE_GAIN,20.0,1000.0,FIXED_DURATION,,,
G2_alt1000_b20_fixN,G2,CONSISTENT,True,,857806356.99998,53.54931619005235,0.01,CONICAL_PENUMBRA,Goldstone DSN;Madrid DSN;Canberra DSN,90.0,7.608417815999999,2.2224982963659317e-16,12851.835885612567,14.999999999999996,19.99999999979373,18.917572033200077,17.833331198095912,105.1276476955742,90.89735869820073,76.40767532629664,999.8324166693466,999.7290141483955,1000.0006679319665,0.8030797946803546,0.19552029864675688,0.0032664489034064394,0.8045284779962021,15,15,15,2514.0,2430.0,2610.0,0.34660902221208834,0.44242707026420475,0.21096390752370678,8818.75413355178,8818.75413355178,26,85.3076923076923,26.701903104782104,,2218,18747.700215820412,0.12061262212265378,6.92746004970417,351476263.3822727,5113067.416096401,0.00044224124146711714,0.044224124146711716,22.61209281215372,119945804.84865719,0.9999999997416538,0.2920304195743125,5363850.583606673,784,784,0.12092893598445242,6.945717133225594,1817438.7419517539,0.0007417714421997887,0.07417714421997887,11148.06928343972,0.28976339084444563,0.999999999732998,13.481241563673708,0.029105067549543617,MARGINAL_DIRECTION_CHANGE_GAIN,0.029421381411342262,MARGINAL_DIRECTION_CHANGE_GAIN,20.0,1000.0,FIXED_REVOLUTIONS,,,
G2_alt1000_b85_fixD,G2,CONSISTENT,True,,857806356.99998,29.44774902358768,0.01,CONICAL_PENUMBRA,Goldstone DSN;Madrid DSN;Canberra DSN,90.0,72.608419567,3.5108403882364144e-16,12851.835885612561,8.248774527505006,84.99999999950788,84.4048289669014,83.80935679756047,169.75816129329033,162.03752037641163,154.18582135497502,999.8340033300658,999.7462982884813,1000.0,1.0,0.0,0.0,1.0,0,0,0,0.0,0.0,0.0,0.055433656797816644,0.05544806683181517,0.8891182763703681,288.626762683357,538.4108020062251,5,314.4,10.38271951675415,,1572,425.11563877952227,0.11354299881507408,6.519594585644349,180723.30633492125,2329.8871387545255,0.020717271522437544,2.071727152243754,0.48268904470141527,938702113.275628,0.9999999999985211,0.39178730214921537,685383.9639218237,784,784,0.11330082601906327,6.505628985260273,1180.2562473657322,0.02910796513338041,2.910796513338041,303.2180691338977,0.36377204264034996,0.9999999999988791,0.34354857696737445,0.022035444241963922,MARGINAL_DIRECTION_CHANGE_GAIN,0.02179327144595311,MARGINAL_DIRECTION_CHANGE_GAIN,85.0,1000.0,FIXED_DURATION,,,
G3_i26.7_b00,G3,CONSISTENT,True,,857806356.99998,29.44774902358768,0.01,CONICAL_PENUMBRA,Goldstone DSN;Madrid DSN;Canberra DSN,26.70000000000001,167.59995065,3.623761334980969e-16,7068.449451451094,14.99789978170563,1.6509407356843421e-10,0.5615584878342892,1.1231847030435684,94.6909753928874,98.97059995706208,103.14868166965108,99.72120900804816,99.30360369254579,100.17152850696515,0.6039016115351993,0.39525021204410515,0.002544529262086514,0.6048407376649653,15,15,16,2621.25,1440.0,2790.0,0.43982394960064386,0.5523918091963912,0.007784241202964791,2212.985598704605,2212.985598704605,25,38.0,12.529731512069702,,950,3796.3766213383756,0.09184799131605781,5.269929614870644,14412475.45104458,121584.4140992011,0.002867880472448347,0.2867880472448347,3.4868956690199995,341683400.39041257,0.9999999998647168,0.8073934032586221,1882945.9511451733,950,950,0.09184799131605781,5.269929614870644,121584.4140992011,0.002867880472448347,0.2867880472448347,3796.3766213383756,0.8073934032586221,0.9999999998647168,3.4868956690199995,0.00034043674294764736,MAGNITUDE_ONLY,0.00034043674294764736,MAGNITUDE_ONLY,0.0,,,26.7,,
G3_i26.7_bcan,G3,CONSISTENT,True,,857806356.99998,29.44774902358768,0.01,CONICAL_PENUMBRA,Goldstone DSN;Madrid DSN;Canberra DSN,26.699999999999996,43.36561398199999,1.3152850784002739e-16,7068.44945145109,14.99789978170564,21.800000000069407,21.45204271918657,21.09423008623294,113.08112978480658,110.81255749176258,108.09332518816609,99.72140268080344,99.30405502011277,100.17152850696468,0.6123833757421544,0.38676844783715014,0.0016963528413910093,0.6130925424317887,15,15,15,2736.0,2700.0,2790.0,0.33578112801739407,0.42535175406282705,0.2388671179197789,1059.8747345526356,1385.948440164803,21,45.57142857142857,12.46819806098938,,957,1254.9208971536689,0.2814020725638323,16.34390261073356,1574826.458112969,124705.98186472052,0.0028317594399424077,0.2831759439942408,3.531373413401347,315622705.30437565,0.9999999999360908,0.6748438639955292,2038419.1774739309,950,950,0.28180449024000565,16.367931888070835,123776.12829514241,0.0028423761674739164,0.2842376167473916,1248.4482304333637,0.673203794858951,0.9999999999366208,3.518183171460178,0.18989451799072216,MARGINAL_DIRECTION_CHANGE_GAIN,0.19029693566689548,MARGINAL_DIRECTION_CHANGE_GAIN,21.8,,,26.7,,
G3_i45.0_b00,G3,CONSISTENT,True,,857806356.99998,29.44774902358768,0.01,CONICAL_PENUMBRA,Goldstone DSN;Madrid DSN;Canberra DSN,45.0,167.604159247,4.477045915897361e-16,7068.449451451094,14.99789978170563,-1.2598414374991252e-10,0.7880428560538429,1.5762648941097321,95.41871198689547,101.68634738123784,107.90612474249316,99.79585700896828,99.50275285213534,100.17152850696515,0.6039016115351993,0.39525021204410515,0.0016963528413910093,0.6048213565528017,15,15,16,2621.25,1440.0,2790.0,0.43848172609082525,0.5506292301348155,0.01088904377435936,2212.968272210655,2212.968272210655,25,38.12,13.753100395202637,,953,3689.2002111571474,0.0832588608311318,4.775910007060104,13610198.19800194,94346.40982894124,0.0032556470088880244,0.32556470088880246,3.071586069398122,381977646.8065454,0.9999999999378117,0.827946561897792,1684316.8198909848,950,950,0.08318282155757602,4.771538112068438,94112.97776016733,0.003259682062133683,0.3259682062133683,3688.001677202811,0.82820207559583,0.9999999999366259,3.0677838539935944,-0.008248693741978355,MAGNITUDE_ONLY,-0.008324733015534144,MAGNITUDE_ONLY,0.0,,,45.0,,
G3_i45.0_bcan,G3,CONSISTENT,True,,857806356.99998,29.44774902358768,0.01,CONICAL_PENUMBRA,Goldstone DSN;Madrid DSN;Canberra DSN,45.00000000000001,19.294687973999995,3.734749183856724e-16,7068.449451451094,14.99789978170563,21.79999999997972,21.072865769455685,20.340858298225054,110.69643479892424,105.41161775919714,99.88542720813363,99.79610174051452,99.50333354813536,100.17152850696515,0.6123833757421544,0.3850720949957591,0.004240882103477523,0.6143077014288191,15,15,15,2724.0,2700.0,2790.0,0.3376623780466844,0.4269809407176594,0.23535668123565617,1777.7877481721364,1854.4240377794968,22,43.63636363636363,12.980485439300537,,960,2298.7492131160866,0.15558869595792532,8.950940274302875,5284247.944801827,127920.24097411093,0.0027959562120855024,0.27959562120855025,3.5765939237208406,328355682.99604857,0.9999999999134547,0.5081058389399947,1959373.3522997524,950,950,0.15564413032121968,8.954155599870704,127410.02293812428,0.0028015488724657256,0.28015488724657256,2293.343188506096,0.5079620640186819,0.9999999999136643,3.5694540607229706,0.06408114138481516,MARGINAL_DIRECTION_CHANGE_GAIN,0.06413657574810952,MARGINAL_DIRECTION_CHANGE_GAIN,21.8,,,45.0,,
G3_i60.0_b00,G3,CONSISTENT,True,,857806356.99998,29.44774902358768,0.01,CONICAL_PENUMBRA,Goldstone DSN;Madrid DSN;Canberra DSN,59.99999999999999,167.605959106,1.386846015893506e-17,7068.449451451086,14.997899781705648,-2.7511061589387577e-10,0.83370789650637,1.6676991366171316,95.60718819108459,102.95941811149052,110.33147831497375,99.8584666981353,99.668638465252,100.1715285069649,0.6039016115351993,0.39525021204410515,0.0016963528413910093,0.6048280888548468,15,15,16,2621.25,1440.0,2790.0,0.43823181803654615,0.5502559949832011,0.011512186980252703,2213.0008455318007,2213.0008455318007,25,38.16,12.903430461883545,,954,3606.1187544614836,0.07659416757539847,4.392824905041794,13004092.471278843,76290.67374956758,0.0036204643451267964,0.36204643451267965,2.762076641702844,420252407.63502765,0.9999999999792707,0.7778778380143297,1530916.5721600917,950,950,0.07665752311424319,4.39646561401037,75923.27950544251,0.003629213522658429,0.36292135226584293,3594.4520703478165,0.778049801938438,0.9999999999792725,2.755417926600153,-0.014913386997711692,MAGNITUDE_ONLY,-0.014850031458866972,MAGNITUDE_ONLY,0.0,,,60.0,,
G3_i60.0_bcan,G3,CONSISTENT,True,,857806356.99998,29.44774902358768,0.01,CONICAL_PENUMBRA,Goldstone DSN;Madrid DSN;Canberra DSN,59.99999999999999,13.003750833,2.2891066635133257e-16,7068.44945145109,14.99789978170564,21.799999999695395,20.986163312313156,20.170389213360483,109.14710140274501,102.39765881830273,95.50478644214175,99.85872104939008,99.67047918159957,100.1715285069649,0.6115351993214588,0.38676844783715014,0.0033927056827820186,0.6132015326699317,15,15,15,2736.0,2700.0,2790.0,0.33823617322055277,0.4271497294914375,0.2346140972880099,1913.0630352699648,1939.0117481662319,22,43.59090909090909,15.16614842414856,,959,2482.9526310232495,0.13480379626881542,7.7472745345061735,6165053.767905277,112031.74848029402,0.00298764810116706,0.29876481011670597,3.347114406015144,356000954.40570015,0.9999999999520056,0.340394770417034,1807218.1194364263,950,950,0.1349038180396552,7.753058190610095,111521.36191338507,0.0029944769039903637,0.29944769039903635,2475.4536039374225,0.33951051262954074,0.9999999999521701,3.3394814253521066,0.043296241695705256,MARGINAL_DIRECTION_CHANGE_GAIN,0.04339626346654504,MARGINAL_DIRECTION_CHANGE_GAIN,21.8,,,60.0,,
G3_i90.0_b00,G3,CONSISTENT,True,,857806356.99998,29.44774902358768,0.01,CONICAL_PENUMBRA,Goldstone DSN;Madrid DSN;Canberra DSN,90.0,167.608417759,2.296437307895594e-16,7068.449451451094,14.99789978170563,-3.945735557337143e-10,0.5951684921745102,1.190636400241618,94.84791481905881,102.63053932116978,110.49068074375258,99.9210846991864,99.7929038020738,100.17155774921109,0.6039016115351993,0.39525021204410515,0.0016963528413910093,0.604854454800651,15,15,16,2621.25,1440.0,2790.0,0.4396943149271492,0.5520607773542593,0.00824490771859147,2212.9961855211004,2212.9961855211004,25,38.2,14.470735311508179,,955,3520.2658751190515,0.07841831335514571,4.4976561205284735,12392271.831527703,76205.43133588006,0.003622488681571655,0.3622488681571655,2.7605331248492937,418037372.8406185,0.9999999999870195,0.7307272453765661,1539028.3671693034,950,950,0.07806445456259872,4.477319160977231,75442.4997126315,0.0036407592790742484,0.3640759279074248,3518.476909936869,0.7308094731298634,0.9999999999872421,2.746679808618153,-0.013089241217964454,MAGNITUDE_ONLY,-0.013443100010511438,MAGNITUDE_ONLY,0.0,,,90.0,,
G3_i90.0_bcan,G3,CONSISTENT,True,,857806356.99998,29.44774902358768,0.01,CONICAL_PENUMBRA,Goldstone DSN;Madrid DSN;Canberra DSN,90.0,9.408417822000002,1.1474656929977893e-16,7068.449451451087,14.997899781705645,21.80000000009628,21.204830494375056,20.609363171758808,106.9253101906753,99.1311523528798,91.25710033754685,99.9213441103428,99.78997646008293,100.1715285069649,0.6123833757421544,0.38676844783715014,0.0016963528413910093,0.6134706566434618,15,15,15,2736.0,2700.0,2790.0,0.33720578725082473,0.42607270352531623,0.236721509223859,1980.4217238877918,1980.4217238877918,22,43.5,14.990734100341797,,957,2486.039347130839,0.1057076789117568,6.0679404910501855,6180391.635482728,69060.3968733184,0.0038052698936924902,0.380526989369249,2.6279344906025934,457297212.3204789,0.999999999968616,0.4641196234223417,1406899.8410770122,950,950,0.1056000389624401,6.0617384632943025,68422.42094841004,0.0038229690471935935,0.38229690471935934,2477.0520919301816,0.4679728236627115,0.9999999999666577,2.6157679741109816,0.014200124338646633,MAGNITUDE_ONLY,0.014092484389329932,MAGNITUDE_ONLY,21.8,,,90.0,,
G3_i120.0_b00,G3,CONSISTENT,True,,857806356.99998,29.44774902358768,0.01,CONICAL_PENUMBRA,Goldstone DSN;Madrid DSN;Canberra DSN,119.99999999999999,167.610876412,1.2432781990220226e-16,7068.449451451094,14.99789978170563,-4.083207392484656e-10,0.1971438382585908,0.3944619564537438,92.78967918228145,98.88590228966376,104.99956407191786,99.85846676032116,99.66859012696123,100.17153621078795,0.6030534351145038,0.39525021204410515,0.004240882103477523,0.6050647191722102,15,15,16,2621.25,1440.0,2790.0,0.44234446409828687,0.5549081556541692,0.0027473802475439686,2212.4678233798613,2212.4678233798613,25,38.2,12.822779655456543,,955,3567.3135702216537,0.09795555303210074,5.621454244754945,12725726.108287562,122107.03717587839,0.0028617365689305977,0.28617365689305974,3.4943817357902835,335753829.2312021,0.9999999999114233,0.6772976813142519,1916199.6657247737,950,950,0.09764118462238419,5.603355500725751,120976.37513277013,0.0028750785615789787,0.28750785615789787,3562.1913432011743,0.6782290374272476,0.9999999999121364,3.47816582571205,0.006447998458990578,MAGNITUDE_ONLY,0.00613363004927403,MAGNITUDE_ONLY,0.0,,,120.0,,
G3_i120.0_bcan,G3,CONSISTENT,True,,857806356.99998,29.44774902358768,0.01,CONICAL_PENUMBRA,Goldstone DSN;Madrid DSN;Canberra DSN,119.99999999999999,12.998307665999999,3.780063352584258e-17,7068.449451451092,14.997899781705636,21.799999999652897,21.609877087334766,21.41930669477018,106.19776933085222,99.58971302540023,92.87982994416272,99.85872245044938,99.66848627269617,100.17259594840486,0.6140797285835454,0.3816793893129771,0.004240882103477523,0.6175256916178641,15,15,15,2700.0,2700.0,2700.0,0.3352581809799773,0.4242925037757122,0.24044931524431054,1919.3626602257057,1919.3626602257057,22,43.40909090909091,11.792552947998047,,955,2297.5863147334153,0.11362693676542097,6.524435203032988,5278902.873650276,68156.34131899514,0.0038304241372849397,0.38304241372849396,2.610676948922564,459787032.1407895,0.9999999999806389,0.5221479987868919,1399281.2549389997,950,950,0.1139313345753754,6.541989911983496,67645.43957315425,0.0038448618377847055,0.38448618377847055,2282.84317114634,0.5243604020385189,0.9999999999804531,2.6008736910989327,0.022119382192310813,MARGINAL_DIRECTION_CHANGE_GAIN,0.022423780002265234,MARGINAL_DIRECTION_CHANGE_GAIN,21.8,,,120.0,,
G3_i150.0_b00,G3,CONSISTENT,True,,857806356.99998,29.44774902358768,0.01,CONICAL_PENUMBRA,Goldstone DSN;Madrid DSN;Canberra DSN,150.0,167.615793717,4.522008589269789e-16,7068.449451451094,14.99789978170563,1.9639713456276067e-10,-0.0199325750361554,-0.03986202652855481,89.98782484697091,93.02983199519412,96.0757929353254,99.73325579839012,99.33563488117349,100.17152850696515,0.6022052586938084,0.39525021204410515,0.004240882103477523,0.6042770012621882,15,15,16,2621.25,1440.0,2790.0,0.44363247001840456,0.5560861347778325,0.0002813952037629857,2211.6136394730365,2211.6136394730365,24,39.666666666666664,13.659233808517456,,952,3638.331036676313,0.10947021208766938,6.284776528261575,13237452.732442135,158634.02414917422,0.002510740507065272,0.2510740507065272,3.982888702157965,298250589.3286246,0.9999999999640632,0.339306783832782,2157150.3908404666,950,950,0.10950683732126479,6.2868876917591665,158453.71195770105,0.002512168647808941,0.2512168647808941,3635.046514413308,0.3388917293218143,0.99999999996387,3.9806244729471025,0.01796265751455922,MAGNITUDE_ONLY,0.017999282748154627,MAGNITUDE_ONLY,0.0,,,150.0,,
G3_i150.0_bcan,G3,CONSISTENT,True,,857806356.99998,29.44774902358768,0.01,CONICAL_PENUMBRA,Goldstone DSN;Madrid DSN;Canberra DSN,150.0,35.56238052999999,2.3796729350904923e-16,7068.449451451094,14.99789978170563,21.799999999995066,21.81702954034395,21.833775263183796,107.38701037014815,104.00284988508594,100.41670359185974,99.733472315459,99.33293672092911,100.17467682718858,0.6149279050042409,0.3825275657336726,0.0033927056827820186,0.6174410387328229,15,15,15,2706.0,2700.0,2790.0,0.3339598062929216,0.4237595317321206,0.24228066197495776,1330.3887547637655,1438.0160171322464,21,45.523809523809526,15.164125442504883,,956,1307.9316692108741,0.25017726490566217,14.488002053985907,1710685.2513247435,107069.5041922439,0.0030560967864307212,0.3056096786430721,3.2721476766036806,362581936.21007645,0.9999999999195259,0.5183329374958259,1774416.5141362122,950,950,0.24967048107806492,14.458013817116688,105537.88676869254,0.003078192694077053,0.3078192694077053,1301.1788602199879,0.5220007536791729,0.9999999999180315,3.248659519731157,0.158669710332552,MARGINAL_DIRECTION_CHANGE_GAIN,0.15816292650495475,MARGINAL_DIRECTION_CHANGE_GAIN,21.8,,,150.0,,
G4_b20_root2,G4,CONSISTENT,True,,857806356.99998,29.44774902358768,0.01,CONICAL_PENUMBRA,Goldstone DSN;Madrid DSN;Canberra DSN,90.0,147.608417701,1.614922088687443e-16,7068.44945145109,14.99789978170564,20.000000000004565,20.595169221182037,21.190636052616046,114.82192173150732,122.58918938614019,130.42748667264135,99.92109087251798,99.79313599597546,100.17155395026202,0.6106870229007634,0.38676844783715014,0.004240882103477523,0.6128198911766699,15,15,16,2565.0,1440.0,2790.0,0.3393693616188029,0.42967708382312,0.23095355455807715,2106.4139153649244,2106.4139153649244,25,39.52,17.287885665893555,,988,2947.1464409841615,0.08213923672101374,4.71153977152844,8685672.144605609,58600.9636677882,0.00413092795776931,0.41309279577693103,2.4207635916277592,409826449.0567128,0.9999999999805157,0.34392182119021936,1569862.991565025,252,252,0.0820756927294433,4.707886634112,14936.946614621165,0.008182181060181046,0.8182181060181046,1489.0742633140815,0.32550890041041025,0.9999999999908302,1.2221680168596796,-0.009368317852096422,MAGNITUDE_ONLY,-0.009431861843666858,MAGNITUDE_ONLY,20,,,,G1_b20,
G4_b80_root2,G4,CONSISTENT,True,,857806356.99998,29.44774902358768,0.01,CONICAL_PENUMBRA,Goldstone DSN;Madrid DSN;Canberra DSN,90.0,87.608416861,2.3268013552050924e-17,7068.44945145109,14.99789978170564,80.00000000008508,80.5951711059632,81.1906341549922,174.1400174943574,175.7081483418042,168.7743867587177,99.92118183667253,99.79502484862903,100.1715285069649,1.0,0.0,0.0,1.0,0,0,0,0.0,0.0,0.0,0.08712873436046414,0.08700799511958428,0.8258632705199516,558.1144923050173,558.1144923050173,5,314.2,13.948740720748901,,1571,167.56005654950104,0.21990320004894248,12.703347533265987,28076.372550871987,1357.7008662892165,0.027139256923599756,2.7139256923599757,0.36846992635615317,570978694.969101,0.999999999999952,0.6471765464992764,1126787.008004666,252,252,0.22183930589945072,12.817087281821593,217.84750729515105,0.06775224690658194,6.775224690658193,66.53310621578636,0.6484194887819299,0.9999999999999505,0.1475965810224374,0.12839564547583232,MARGINAL_DIRECTION_CHANGE_GAIN,0.13033175132634056,MARGINAL_DIRECTION_CHANGE_GAIN,80,,,,G1_b80,
G4_quarter_b00,G4,CONSISTENT,True,,858398196.99998,29.44774902358768,0.01,CONICAL_PENUMBRA,Goldstone DSN;Madrid DSN;Canberra DSN,90.0,174.319080449,1.1488132151320644e-16,7068.449451451094,14.99789978170563,-2.724400472643664e-10,0.6131466866105106,1.2287729259630356,175.73214622123416,170.68776833287492,162.48807722050003,99.92108590299766,99.79294756932092,100.17155671774968,0.6039016115351993,0.39525021204410515,0.0016963528413910093,0.6048534736007347,15,15,16,2621.25,1440.0,2790.0,0.4395831821057836,0.5519214647352888,0.0084953531589275,2192.686199545207,2192.686199545207,5,314.6,16.884334325790405,"same beta as partner, quarter-phase epoch: Earth-view decoupled",1573,914.219890664569,0.13867161553710353,7.970985657378234,835798.0084867364,16072.242715113674,0.007887906587883643,0.7887906587883643,1.2677634919381926,247376231.24291754,0.9999999999937639,0.43429923242091245,2600780.891947808,252,252,0.13948602995510187,8.01810611663981,2601.2578032037336,0.01960687147461836,1.960687147461836,365.64613270719934,0.4291253230788931,0.9999999999941509,0.5100252741946508,0.047164060963993365,MARGINAL_DIRECTION_CHANGE_GAIN,0.04797847538199171,MARGINAL_DIRECTION_CHANGE_GAIN,0,,,,G1_b00,
G4_quarter_b20,G4,CONSISTENT,True,,858398196.99998,29.44774902358768,0.01,CONICAL_PENUMBRA,Goldstone DSN;Madrid DSN;Canberra DSN,90.0,14.319080793999996,2.5981701055439143e-18,7068.449451451092,14.997899781705636,19.99999999955998,19.386852511720484,18.77122692826303,20.561102307619638,12.077244444923618,4.227338544685841,99.9213441374057,99.78997805537423,100.17152850696537,0.6115351993214588,0.38761662425784565,0.0016963528413910093,0.6126759521163961,15,15,15,2742.0,2700.0,2790.0,0.3449895675811113,0.43547155307817603,0.21953887934071264,1980.4058334959007,1980.4058334959007,6,260.3333333333333,15.5878267288208,"same beta as partner, quarter-phase epoch: Earth-view decoupled",1562,659.0767983164018,0.18212196979952738,10.49338300550515,434382.22607899894,14407.768589529338,0.008331086386672045,0.8331086386672044,1.2003236475820354,169424285.06147966,0.9999999999971229,0.6591374893633756,3797397.6110047013,252,252,0.18151799963429535,10.458191485339352,2322.605932712938,0.020749719705303468,2.074971970530347,265.5021661034375,0.6581659191952824,0.999999999997012,0.48193422089524407,0.09061441522641722,MARGINAL_DIRECTION_CHANGE_GAIN,0.09001044506118519,MARGINAL_DIRECTION_CHANGE_GAIN,20,,,,G1_b20,
G4_quarter_b80,G4,CONSISTENT,True,,858398196.99998,29.44774902358768,0.01,CONICAL_PENUMBRA,Goldstone DSN;Madrid DSN;Canberra DSN,90.0,74.319085836,1.667717080063118e-16,7068.449451451087,14.997899781705645,80.00000000047697,79.38685098428971,78.7712294131679,80.16010667197146,71.52232472187804,62.81828852715041,99.92125260701609,99.79285400793701,100.1715285069649,1.0,0.0,0.0,1.0,0,0,0,0.0,0.0,0.0,0.09636666300239567,0.09623174589848128,0.8074015910991231,587.1154905235489,587.1154905235489,23,41.21739130434783,12.261237621307373,"same beta as partner, quarter-phase epoch: Earth-view decoupled",948,617.936452438551,0.11236725266486934,6.451795380590333,381845.4592523416,4821.333304879572,0.014401788279545202,1.4401788279545202,0.694358214818956,1469224315.39819,0.9999999999985569,0.5168280416915968,437898.6711530673,252,252,0.11589951429290529,6.655510363609483,1382.8983258512526,0.02689087132460338,2.689087132460338,320.85847091208535,0.528340526746807,0.9999999999985817,0.3718734093542174,0.02085969809175918,MARGINAL_DIRECTION_CHANGE_GAIN,0.02439195971979513,MARGINAL_DIRECTION_CHANGE_GAIN,80,,,,G1_b80,
G4_net_Goldstone,G4,CONSISTENT,True,,857806356.99998,29.44774902358768,0.01,CONICAL_PENUMBRA,Goldstone DSN,26.711475080149885,43.38394933974347,0.005335932778822172,7068.44945145109,14.99789978170564,21.814121535332376,21.466230888726496,21.108453699180377,113.0951353826364,110.82619040430777,108.10613628399042,99.85671641518124,89.86739316749899,109.81275486164913,0.6115351993214588,0.38761662425784565,0.002544529262086514,0.6120111884904684,15,15,16,2570.625,1260.0,2790.0,0.33493331506145596,0.4259388925777978,0.23912779236074622,2427.4652566170776,2435.856612216929,10,37.7,9.293423175811768,"identical dynamics, different measurement projection",377,3021.660739565086,0.08673308027787505,4.97569117060118,9130433.625029022,68684.84846772255,0.0038156587565358092,0.3815658756535809,2.6207794347495947,305940740.27032465,0.9999999999151261,0.710578247190476,2102928.0859102616,252,252,0.08456588767031986,4.851062185550226,43521.590682123475,0.004793443579476419,0.47934435794764185,2466.9319411288516,0.719665087872547,0.9999999999126891,2.08618289405613,-0.004774474295235115,MAGNITUDE_ONLY,-0.0069416669027903,MAGNITUDE_ONLY,,,,,,
G4_net_Madrid,G4,CONSISTENT,True,,857806356.99998,29.44774902358768,0.01,CONICAL_PENUMBRA,Madrid DSN,26.711475080149885,43.38394933974347,0.005335932778822172,7068.44945145109,14.99789978170564,21.814121535332376,21.466230888726496,21.108453699180377,113.0951353826364,110.82619040430777,108.10613628399042,99.85671641518124,89.86739316749899,109.81275486164913,0.6115351993214588,0.38761662425784565,0.002544529262086514,0.6120111884904684,15,15,16,2570.625,1260.0,2790.0,0.33493331506145596,0.4259388925777978,0.23912779236074622,2427.4652566170776,2435.856612216929,7,36.0,8.736245393753052,"identical dynamics, different measurement projection",252,2130.919931895888,0.03255873293348903,1.8658077305866578,4540819.756151176,4813.591749460458,0.014413364609287504,1.4413364609287505,0.6938005294919897,870391931.6179327,0.9999999997684776,0.6037632055321026,739174.3328120103,252,252,0.03255873293348903,1.8658077305866578,4813.591749460458,0.014413364609287504,1.4413364609287505,2130.919931895888,0.6037632055321026,0.9999999997684776,0.6938005294919897,-0.05894882163962113,MARGINAL_DIRECTION_CHANGE_LOSS,-0.05894882163962113,MARGINAL_DIRECTION_CHANGE_LOSS,,,,,,
G4_net_Canberra,G4,CONSISTENT,True,,857806356.99998,29.44774902358768,0.01,CONICAL_PENUMBRA,Canberra DSN,26.711475080149885,43.38394933974347,0.005335932778822172,7068.44945145109,14.99789978170564,21.814121535332376,21.466230888726496,21.108453699180377,113.0951353826364,110.82619040430777,108.10613628399042,99.85671641518124,89.86739316749899,109.81275486164913,0.6115351993214588,0.38761662425784565,0.002544529262086514,0.6120111884904684,15,15,16,2570.625,1260.0,2790.0,0.33493331506145596,0.4259388925777978,0.23912779236074622,2427.4652566170776,2435.856612216929,8,41.375,9.227115869522095,"identical dynamics, different measurement projection",331,2199.1260229828713,0.10538913054471734,6.049586491579712,4836155.26496046,53714.542203144854,0.004314734334771249,0.43147343347712486,2.317639794532503,240282098.7684295,0.9999999997101575,0.6814666937787649,2677566.8209835626,252,252,0.10599311784581825,6.084387334620525,41785.54202485867,0.0048920059883161456,0.48920059883161454,1928.5697596705286,0.6782086542221677,0.9999999997142663,2.0441512175222663,0.013881575971607177,MAGNITUDE_ONLY,0.014485563272708085,MAGNITUDE_ONLY,,,,,,
G5_k0.0025,G5,CONSISTENT,True,,857806356.99998,29.44774902358768,0.0025,CONICAL_PENUMBRA,Goldstone DSN;Madrid DSN;Canberra DSN,26.711475080149885,43.38394933974347,0.005335932778822172,7068.44945145109,14.99789978170564,21.814121535332376,21.466229917279513,21.108452974239057,113.0951353826364,110.82618781889411,108.10613072169896,99.85681824531883,89.87023234201712,109.80989833607455,0.6115351993214588,0.38761662425784565,0.002544529262086514,0.6120114814146161,15,15,16,2570.625,1260.0,2790.0,0.3349333489349738,0.42593886785058255,0.23912778321444372,2427.4618575814993,2435.8516871127717,25,38.4,11.832968950271606,,960,4302.018414410091,0.0915052774628014,5.250210516932817,18507362.437923517,154966.13964714282,0.0025402800221843093,1.0161120088737237,3.9365738861329653,291605120.8745849,0.9999999998796019,0.6458392876394807,2206310.27812213,960,960,0.0915052774628014,5.250210516932817,154966.13964714282,0.0025402800221843093,1.0161120088737237,4302.018414410091,0.6458392876394807,0.9999999998796019,3.9365738861329653,-2.277110308757102e-06,MAGNITUDE_ONLY,-2.277110308757102e-06,MAGNITUDE_ONLY,,,,,,
G5_k0.005,G5,CONSISTENT,True,,857806356.99998,29.44774902358768,0.005,CONICAL_PENUMBRA,Goldstone DSN;Madrid DSN;Canberra DSN,26.711475080149885,43.38394933974347,0.005335932778822172,7068.44945145109,14.99789978170564,21.814121535332376,21.466230241089296,21.108453215863342,113.0951353826364,110.8261886806924,108.10613257577201,99.85678429520127,89.86966217711405,109.8108504974437,0.6115351993214588,0.38761662425784565,0.002544529262086514,0.6120113829139209,15,15,16,2570.625,1260.0,2790.0,0.334933337641098,0.4259388760957063,0.23912778626319572,2427.462895389337,2435.853233248161,25,38.4,11.639140844345093,,960,4302.01989671134,0.09150604606972758,5.25025474040288,18507375.19170025,154968.84975445044,0.0025402578097798575,0.5080515619559715,3.936608308139652,291600649.5448957,0.9999999998796022,0.6458324229448611,2206344.1091189575,960,960,0.09150604606972758,5.25025474040288,154968.84975445044,0.0025402578097798575,0.5080515619559715,4302.01989671134,0.6458324229448611,0.9999999998796022,3.936608308139652,-1.5085033825829042e-06,MAGNITUDE_ONLY,-1.5085033825829042e-06,MAGNITUDE_ONLY,,,,,,
G5_k0.02,G5,CONSISTENT,True,,857806356.99998,29.44774902358768,0.02,CONICAL_PENUMBRA,Goldstone DSN;Madrid DSN;Canberra DSN,26.711475080149885,43.38394933974347,0.005335932778822172,7068.44945145109,14.99789978170564,21.814121535332376,21.46623218406186,21.108454666054783,113.0951353826364,110.82619385159549,108.1061437006386,99.85658063153596,89.86285507295723,109.81656356572685,0.6115351993214588,0.38761662425784565,0.002544529262086514,0.6120108096255107,15,15,16,2570.625,1260.0,2790.0,0.3349332699168073,0.4259389255237866,0.23912780455940602,2427.4704735243777,2435.8638634979866,25,38.4,12.842048406600952,,960,4302.032414159326,0.09151057965189491,5.25051558997043,18507482.892477524,154985.10761701057,0.0025401245703800686,0.12700622851900342,3.9368147985355573,291573826.6678753,0.9999999998796028,0.6457911530722923,2206547.0782859093,960,960,0.09151057965189491,5.25051558997043,154985.10761701057,0.0025401245703800686,0.12700622851900342,4302.032414159326,0.6457911530722923,0.9999999998796028,3.9368147985355573,3.025078784746338e-06,MAGNITUDE_ONLY,3.025078784746338e-06,MAGNITUDE_ONLY,,,,,,
G5_k0.04,G5,CONSISTENT,True,,857806356.99998,29.44774902358768,0.04,CONICAL_PENUMBRA,Goldstone DSN;Madrid DSN;Canberra DSN,26.711475080149885,43.38394933974347,0.005335932778822172,7068.44945145109,14.99789978170564,21.814121535332376,21.466234774982397,21.108456600793435,113.0951353826364,110.8262007464139,108.10615853484622,99.85630905921752,89.85377871830808,109.82418100273888,0.6115351993214588,0.38761662425784565,0.002544529262086514,0.6120100928705321,15,15,16,2570.625,1260.0,2790.0,0.3349331796992517,0.4259389913331582,0.23912782896759005,2427.4803501347487,2435.877810111678,25,38.4,11.310368299484253,,960,4302.048723246755,0.09151661861778901,5.250863055253346,18507623.217189033,155006.7391058243,0.0025399473245594885,0.06349868311398721,3.937089522331086,291538111.84799504,0.9999999998796034,0.6457362331737956,2206817.3909080187,960,960,0.09151661861778901,5.250863055253346,155006.7391058243,0.0025399473245594885,0.06349868311398721,4302.048723246755,0.6457362331737956,0.9999999998796034,3.937089522331086,9.064044678847027e-06,MAGNITUDE_ONLY,9.064044678847027e-06,MAGNITUDE_ONLY,,,,,,
CF_noshadow_G0_consistent,CF,CONSISTENT,True,,857806356.99998,29.44774902358768,0.01,NO_SHADOW,Goldstone DSN;Madrid DSN;Canberra DSN,26.711475080149885,43.38394933974347,0.005335932778822172,7068.44945145109,14.99789978170564,21.814121535332376,21.46623114572032,21.108453147279178,113.0951353826364,110.82618846901252,108.10612908052074,99.85668378519338,89.86501396385813,109.81490493766847,0.6115351993214588,0.38761662425784565,0.002544529262086514,0.6120111332580941,15,15,16,2570.625,1260.0,2790.0,0.334933298858956,0.42593890678952506,0.2391277943515189,3044.600596461205,3058.284736104612,25,38.4,9.988488912582397,,960,5023.788938212867,0.11301688307456735,6.489255081784782,25238455.295709964,322366.14208017976,0.001761267369325929,0.1761267369325929,5.6777296684946075,202181438.4991279,0.9999999996973276,0.728124557462523,3182148.5696938373,955,955,0.11236950983601057,6.451925531264355,318260.43364863226,0.0017725915509185471,0.17725915509185472,5020.452224989951,0.7289956101582483,0.9999999996985781,5.641457555071745,0.02150932850145719,MARGINAL_DIRECTION_CHANGE_GAIN,,,,,,,,G0_consistent
CF_noshadow_G1_b00,CF,CONSISTENT,True,,857806356.99998,29.44774902358768,0.01,NO_SHADOW,Goldstone DSN;Madrid DSN;Canberra DSN,90.0,167.608417759,2.296437307895594e-16,7068.449451451094,14.99789978170563,-3.945735557337143e-10,0.5951684960276127,1.1906363857903004,94.84791481905881,102.63053933312531,110.4906807683572,99.92101183106004,99.79026527886884,100.17159725068882,0.6039016115351993,0.39525021204410515,0.0016963528413910093,0.6048544656465398,15,15,16,2621.25,1440.0,2790.0,0.4396942929802555,0.5520607992191605,0.008244907800583984,3311.5993963449278,3311.5993963449278,25,38.2,9.500394105911255,,955,5097.155121723539,0.08467299232794973,4.857220919667641,25980990.33491251,186271.1162830334,0.0023170064426965547,0.23170064426965548,4.3159137650240185,267391151.77608106,0.9999999999683401,0.7342617896771149,2406105.703443078,955,955,0.08467299232794973,4.857220919667641,186271.1162830334,0.0023170064426965547,0.23170064426965548,5097.155121723539,0.7342617896771149,0.9999999999683401,4.3159137650240185,0.0062546789728040175,MAGNITUDE_ONLY,,,,,,,,G1_b00
CF_noshadow_G1_b20,CF,CONSISTENT,True,,857806356.99998,29.44774902358768,0.01,NO_SHADOW,Goldstone DSN;Madrid DSN;Canberra DSN,90.0,7.608417816000001,3.3766252644563744e-16,7068.449451451084,14.997899781705652,19.99999999979373,19.40483023487704,18.809363419238743,105.1276476955742,97.33433908042527,89.46123615440358,99.92140910603304,99.78765999031998,100.17152850696515,0.6115351993214588,0.38761662425784565,0.0016963528413910093,0.6126731985185682,15,15,15,2742.0,2700.0,2790.0,0.344912960071735,0.4353737463706057,0.21971329355765934,3117.776902986025,3117.776902986025,22,43.45454545454545,9.221274614334106,,956,3969.9227402410306,0.10319792767721525,5.923351373327061,15760286.563482853,167844.0933307966,0.0024408830343769557,0.24408830343769558,4.096877998017877,293625369.301173,0.9999999999274065,0.489547673114398,2191130.0677794395,955,955,0.10328223225720425,5.9282076194706255,167835.3934592643,0.0024409462960442415,0.24409462960442413,3966.579469247939,0.48958349447908633,0.9999999999274533,4.0967718197980725,-0.002440450613663339,MAGNITUDE_ONLY,,,,,,,,G1_b20
